"id","budburst","leafout","tx","chill","lo.ht","X60dayheight","chl1","chl2","chl3","chl4","mg.cm2","thick1","thick2","chill1","chill2","species","dvr","ht.diff","chlavg","drought","drought1","drought2"
"ACESAC_14",38,48,0,1,29.6,33.2,26,26.6,23.1,27,0.0084,0.122,0.161,0,0,"ACESAC",10,3.6,25.675,0,0,0
"ACESAC_24",50,62,1,1,22.6,25.2,30.4,31.2,29.8,26.9,0.0123,0.121,0.128,0,0,"ACESAC",12,2.6,29.575,2,0,1
"ACESAC_34",36,48,0,1,30.1,33.5,25.7,29.5,26.5,26.6,0.0098,0.218,0.192,0,0,"ACESAC",12,3.4,27.075,0,0,0
"ACESAC_44",48,59,1,1,22.2,23.1,28.9,30.7,24.7,32,0.0118,0.121,0.147,0,0,"ACESAC",11,0.900000000000002,29.075,2,0,1
"ACESAC_54",45,53,0,1,16.4,17.4,33.9,27,34,32.5,0.0147,0.154,0.156,0,0,"ACESAC",8,1,31.85,0,0,0
"ACESAC_64",53,69,1,1,22.1,23.2,19.7,28,21.4,21.6,NA,0.197,0.101,0,0,"ACESAC",16,1.1,22.675,2,0,1
"ACESAC_74",53,69,0,1,22.5,23.8,24.9,29.5,24.2,22.6,NA,0.114,0.173,0,0,"ACESAC",16,1.3,25.3,2,0,1
"ACESAC_84",38,56,1,1,31.1,34.1,24.6,26.4,20.6,21.1,0.0061,0.123,0.132,0,0,"ACESAC",18,3,23.175,2,0,1
"ACESAC_94",36,53,0,1,30,31.3,15.9,17.2,11.9,16.4,0,0.206,0.132,0,0,"ACESAC",17,1.3,15.35,0,0,0
"ACESAC_104",41,59,1,1,25.2,25.4,27.6,31,23.6,33.8,0.0117,0.135,0.185,0,0,"ACESAC",18,0.199999999999999,29,2,0,1
"ACESAC_114",59,73,0,1,22.6,23.1,28.5,28.3,NA,NA,NA,0.127,0.138,0,0,"ACESAC",14,0.5,NA,0,0,0
"ACESAC_124",36,53,1,1,27.6,30.7,20.6,18.5,22.1,22.1,0.004,0.154,0.142,0,0,"ACESAC",17,3.1,20.825,0,0,0
"ACESAC_134",43,53,0,1,22.1,23.4,18.3,19.7,15.6,32.4,0.0046,0.135,0.144,0,0,"ACESAC",10,1.3,21.5,0,0,0
"ACESAC_144",38,50,1,1,33.3,34.5,21.1,20.7,21.4,25.3,0.0051,0.159,0.111,0,0,"ACESAC",12,1.2,22.125,0,0,0
"ACESAC_154",41,56,0,1,20.2,21.3,24.3,24.8,20.5,20.8,0.0056,0.138,0.18,0,0,"ACESAC",15,1.1,22.6,2,0,1
"ACESAC_164",41,59,1,1,36.3,36.8,22.7,18.7,15.7,20.8,0,NA,NA,0,0,"ACESAC",18,0.5,19.475,2,0,1
"ACESAC_16",40,56,0,2,22.1,25.8,29.4,28.7,32.2,29.4,NA,0.09,0.082,1,0,"ACESAC",16,3.7,29.925,2,0,1
"ACESAC_26",56,67,1,2,27.9,NA,NA,NA,NA,NA,NA,0.114,0.102,1,0,"ACESAC",11,NA,NA,0,0,0
"ACESAC_36",35,46,0,2,34.3,36.3,28.1,26.2,26.1,25.2,0.0091,0.106,0.105,1,0,"ACESAC",11,2,26.4,2,0,1
"ACESAC_46",40,53,1,2,30.9,33.1,26.1,24.4,22.5,25.5,NA,0.114,0.107,1,0,"ACESAC",13,2.2,24.625,2,0,1
"ACESAC_56",43,56,0,2,30.9,32.9,28.3,25.7,24.4,25.5,NA,0.098,0.08,1,0,"ACESAC",13,2,25.975,2,0,1
"ACESAC_66",40,51,1,2,21,24.2,26.7,26.2,28.8,22.4,NA,0.102,0.105,1,0,"ACESAC",11,3.2,26.025,2,0,1
"ACESAC_76",32,49,0,2,17.8,20.1,31.3,27.2,31.6,NA,0.0128,0.107,0.099,1,0,"ACESAC",17,2.3,NA,2,0,1
"ACESAC_86",49,63,1,2,29.5,30.4,29.7,28.6,NA,NA,NA,0.095,0.092,1,0,"ACESAC",14,0.899999999999999,NA,0,0,0
"ACESAC_96",51,58,0,2,27.4,29.9,25.8,26,24.2,22.9,NA,0.092,0.169,1,0,"ACESAC",7,2.5,24.725,0,0,0
"ACESAC_106",40,49,1,2,24.7,26.5,19.2,21.7,NA,NA,0.0037,0.107,0.127,1,0,"ACESAC",9,1.8,NA,2,0,1
"ACESAC_116",40,56,0,2,27.7,28.7,23.3,23.2,25.2,41,NA,0.087,0.096,1,0,"ACESAC",16,1,28.175,2,0,1
"ACESAC_126",43,60,1,2,27.7,29.9,19.5,23.2,NA,NA,NA,0.088,0.086,1,0,"ACESAC",17,2.2,NA,2,0,1
"ACESAC_136",63,70,0,2,19.1,NA,NA,NA,NA,NA,NA,0.097,0.103,1,0,"ACESAC",7,NA,NA,0,0,0
"ACESAC_146",43,56,1,2,35.2,37.1,24.3,25.7,23.3,22,NA,0.096,0.089,1,0,"ACESAC",13,1.9,23.825,2,0,1
"ACESAC_156",28,43,0,2,30.2,30.1,22.4,19.7,NA,NA,0.0042,0.093,0.138,1,0,"ACESAC",15,-0.0999999999999979,NA,2,0,1
"ACESAC_166",32,46,1,2,21.4,22.9,22.3,19.1,NA,NA,0.0039,0.084,0.085,1,0,"ACESAC",14,1.5,NA,2,0,1
"ACESAC_18",32,44,0,3,23.7,23.7,25.7,25.3,26.2,25.1,NA,NA,NA,0,1,"ACESAC",12,0,25.575,1,1,0
"ACESAC_28",39,49,1,3,29.4,33,23.7,23.6,23.4,22,NA,NA,NA,0,1,"ACESAC",10,3.6,23.175,1,1,0
"ACESAC_38",29,42,0,3,28.8,31,28.9,27.3,27.9,25.6,NA,NA,NA,0,1,"ACESAC",13,2.2,27.425,2,0,1
"ACESAC_48",35,49,1,3,16.8,18.7,24.4,26.3,26.9,26.7,NA,NA,NA,0,1,"ACESAC",14,1.9,26.075,1,1,0
"ACESAC_58",49,56,0,3,28.8,NA,NA,NA,NA,NA,NA,NA,NA,0,1,"ACESAC",7,NA,NA,1,1,0
"ACESAC_68",29,44,1,3,34.8,36.8,24.8,25.2,17.9,24,NA,NA,NA,0,1,"ACESAC",15,2,22.975,2,0,1
"ACESAC_78",44,53,0,3,20.8,NA,NA,NA,NA,NA,NA,NA,NA,0,1,"ACESAC",9,NA,NA,1,1,0
"ACESAC_88",29,44,1,3,23.8,24.8,25.3,24.8,25,22.7,NA,NA,NA,0,1,"ACESAC",15,1,24.45,2,0,1
"ACESAC_98",46,53,0,3,20.1,NA,NA,NA,NA,NA,NA,NA,NA,0,1,"ACESAC",7,NA,NA,1,1,0
"ACESAC_108",35,49,1,3,33.5,35.1,26.6,27.2,22.6,23.6,NA,NA,NA,0,1,"ACESAC",14,1.6,25,1,1,0
"ACESAC_118",32,44,0,3,27,26.6,27.2,26.3,NA,NA,NA,NA,NA,0,1,"ACESAC",12,-0.399999999999999,NA,1,1,0
"ACESAC_128",42,50,1,3,28.8,30.7,24.4,22.9,NA,NA,NA,NA,NA,0,1,"ACESAC",8,1.9,NA,1,1,0
"ACESAC_138",32,42,0,3,33,35.2,22.1,20.3,20.9,20.3,NA,NA,NA,0,1,"ACESAC",10,2.2,20.9,1,1,0
"ACESAC_148",29,56,1,3,31.1,NA,NA,NA,NA,NA,NA,NA,NA,0,1,"ACESAC",27,NA,NA,2,0,1
"ACESAC_158",39,60,0,3,19,NA,NA,NA,NA,NA,NA,NA,NA,0,1,"ACESAC",21,NA,NA,1,1,0
"ACESAC_168",39,53,1,3,24.3,NA,NA,NA,NA,NA,NA,NA,NA,0,1,"ACESAC",14,NA,NA,1,1,0
"ALNRUG_14",29,43,0,1,30,37.4,25.6,30.7,35.5,32.1,0.0138,0.179,0.188,0,0,"ALNRUG",14,7.4,30.975,0,0,0
"ALNRUG_24",29,50,1,1,31.8,35.3,40.2,42.1,34.4,40,0.023,0.174,0.156,0,0,"ALNRUG",21,3.5,39.175,0,0,0
"ALNRUG_34",29,48,0,1,20.2,30.9,33.9,35.9,29,33.7,0.0161,0.177,0.207,0,0,"ALNRUG",19,10.7,33.125,0,0,0
"ALNRUG_44",24,45,1,1,29.4,35.5,30.2,29.6,32.7,40.4,0.0162,0.119,0.193,0,0,"ALNRUG",21,6.1,33.225,0,0,0
"ALNRUG_54",24,50,0,1,32.6,35.7,30.2,29.6,32.7,40.4,0.0162,0.135,0.15,0,0,"ALNRUG",26,3.1,33.225,0,0,0
"ALNRUG_64",24,50,1,1,32.2,36.3,38.2,31,40.3,41,0.0212,0.185,0.231,0,0,"ALNRUG",26,4.09999999999999,37.625,0,0,0
"ALNRUG_74",22,45,0,1,33.3,35.9,43.9,54.2,52.1,41.2,0.034,0.185,0.216,0,0,"ALNRUG",23,2.6,47.85,0,0,0
"ALNRUG_84",29,48,1,1,35.2,49.5,33.8,37.2,40.2,34.8,0.0199,0.278,0.22,0,0,"ALNRUG",19,14.3,36.5,0,0,0
"ALNRUG_94",27,45,0,1,28.9,29.9,33.1,30.4,35.7,35.7,0.0168,0.162,0.187,0,0,"ALNRUG",18,1,33.725,0,0,0
"ALNRUG_104",41,64,1,1,36.8,35.8,36.7,22,36.1,23.2,0.0123,0.191,0.223,0,0,"ALNRUG",23,-1,29.5,2,0,1
"ALNRUG_114",20,43,0,1,52.4,63.7,42.5,39.7,39.7,43.2,0.0261,0.145,0.18,0,0,"ALNRUG",23,11.3,41.275,0,0,0
"ALNRUG_134",20,45,0,1,26.2,36,41.6,42.4,47.1,41.8,0.028,NA,NA,0,0,"ALNRUG",25,9.8,43.225,0,0,0
"ALNRUG_144",22,45,1,1,32.2,40,40.2,36.3,43.4,42.1,0.0246,0.166,0.203,0,0,"ALNRUG",23,7.8,40.5,0,0,0
"ALNRUG_154",22,43,0,1,21.6,33.2,40.5,38.2,37.4,34.8,0.0213,0.195,0.204,0,0,"ALNRUG",21,11.6,37.725,0,0,0
"ALNRUG_164",14,48,1,1,31.6,33.8,33.4,30.8,35.2,34,0.0163,0.174,0.238,0,0,"ALNRUG",34,2.2,33.35,0,0,0
"ALNRUG_16",35,56,0,2,46.5,59.2,33.9,35.9,50.6,40.6,NA,0.158,0.182,1,0,"ALNRUG",21,12.7,40.25,2,0,1
"ALNRUG_26",23,53,1,2,17.1,24.6,21.4,34.5,32.3,25,NA,0.141,0.14,1,0,"ALNRUG",30,7.5,28.3,2,0,1
"ALNRUG_36",21,40,0,2,36.4,41.7,37.6,37.5,37.7,39.7,0.0218,0.241,0.205,1,0,"ALNRUG",19,5.3,38.125,0,0,0
"ALNRUG_46",30,46,1,2,28.7,37.4,38.2,37.6,32.9,36.9,0.0198,0.158,0.157,1,0,"ALNRUG",16,8.7,36.4,2,0,1
"ALNRUG_56",21,37,0,2,36.6,39.5,33.1,29.1,32.8,31.8,0.0206,0.142,0.202,1,0,"ALNRUG",16,2.9,31.7,0,0,0
"ALNRUG_66",21,51,1,2,32.2,30.9,37.6,31.7,39.8,36.9,0.0199,0.136,0.152,1,0,"ALNRUG",30,-1.3,36.5,2,0,1
"ALNRUG_86",25,43,1,2,25.4,33.8,37.7,29.7,30.1,39.2,0.0172,0.133,0.144,1,0,"ALNRUG",18,8.4,34.175,2,0,1
"ALNRUG_96",21,40,0,2,33.8,36.9,31.9,32.8,32,31.3,0.0149,0.113,0.165,1,0,"ALNRUG",19,3.1,32,0,0,0
"ALNRUG_106",40,60,1,2,27,26.9,33.5,49.6,34.7,34.3,NA,0.127,0.179,1,0,"ALNRUG",20,-0.100000000000001,38.025,2,0,1
"ALNRUG_116",21,40,0,2,27,32.4,30.1,29.8,30.4,34.3,0.014,0.115,0.129,1,0,"ALNRUG",19,5.4,31.15,0,0,0
"ALNRUG_126",28,51,1,2,28.6,34.3,40.2,35.8,37.4,33.7,0.0202,0.155,0.152,1,0,"ALNRUG",23,5.7,36.775,2,0,1
"ALNRUG_136",21,40,0,2,20,28.7,35.7,34.4,39.4,35.5,0.0196,0.13,0.26,1,0,"ALNRUG",19,8.7,36.25,0,0,0
"ALNRUG_146",21,43,1,2,25.4,28.7,31.9,33.9,30.1,34,0.0154,0.147,0.153,1,0,"ALNRUG",22,3.3,32.475,2,0,1
"ALNRUG_156",25,43,0,2,30.4,39.1,37.9,37.2,34.7,33,0.019,0.13,0.145,1,0,"ALNRUG",18,8.7,35.7,2,0,1
"ALNRUG_166",21,43,1,2,25.5,42,37.1,31.8,36.9,40.7,0.02,0.127,0.156,1,0,"ALNRUG",22,16.5,36.625,2,0,1
"ALNRUG_28",21,39,1,3,29,30.2,40.8,37.4,35.9,33.2,NA,NA,NA,0,1,"ALNRUG",18,1.2,36.825,2,0,1
"ALNRUG_38",16,32,0,3,25.4,40.4,40.2,36.7,35.3,36.1,0.0205,NA,NA,0,1,"ALNRUG",16,15,37.075,2,0,1
"ALNRUG_48",16,53,1,3,22,NA,NA,NA,NA,NA,NA,NA,NA,0,1,"ALNRUG",37,NA,NA,2,0,1
"ALNRUG_58",18,32,0,3,35.4,45.3,39.4,35.1,33,42.4,0.021,NA,NA,0,1,"ALNRUG",14,9.9,37.475,2,0,1
"ALNRUG_88",23,37,1,3,31.3,33.6,38.8,28,33.7,35.7,0.0171,NA,NA,0,1,"ALNRUG",14,2.3,34.05,2,0,1
"ALNRUG_98",18,35,0,3,29.1,36.6,36.3,38.2,33.5,43.7,0.0215,NA,NA,0,1,"ALNRUG",17,7.5,37.925,2,0,1
"ALNRUG_108",21,35,1,3,20.2,38.9,39.1,36.1,27.8,28.5,0.0158,NA,NA,0,1,"ALNRUG",14,18.7,32.875,2,0,1
"ALNRUG_118",26,39,0,3,27.3,42.1,37.1,34.3,42.2,33.3,NA,NA,NA,0,1,"ALNRUG",13,14.8,36.725,2,0,1
"ALNRUG_128",21,42,1,3,25.5,30.8,33.5,34.9,34.4,33.5,NA,NA,NA,0,1,"ALNRUG",21,5.3,34.075,2,0,1
"ALNRUG_138",16,35,0,3,27,28.8,38,34.6,29.9,38.1,0.0183,NA,NA,0,1,"ALNRUG",19,1.8,35.15,2,0,1
"ALNRUG_148",18,42,1,3,28.3,41.4,29.5,36,33,29.6,NA,NA,NA,0,1,"ALNRUG",24,13.1,32.025,2,0,1
"ALNRUG_158",21,39,0,3,33.1,37.9,39.9,42.6,41.8,37.8,NA,NA,NA,0,1,"ALNRUG",18,4.8,40.525,2,0,1
"ALNRUG_168",26,42,1,3,23.4,36.8,37.3,37.9,36.6,32.6,NA,NA,NA,0,1,"ALNRUG",16,13.4,36.1,2,0,1
"BETPAP_14",24,43,0,1,40.2,42.4,29.6,32.3,28.6,22.8,0.0111,0.274,0.321,0,0,"BETPAP",19,2.2,28.325,0,0,0
"BETPAP_24",13,31,1,1,33.9,36.7,21.9,25,24.5,23.9,0.0067,0.207,0.303,0,0,"BETPAP",18,2.8,23.825,0,0,0
"BETPAP_34",13,27,0,1,34.4,39.7,26.4,22.5,35.3,34.2,0.0124,0.235,0.199,0,0,"BETPAP",14,5.3,29.6,0,0,0
"BETPAP_44",10,34,1,1,32.8,37,27.6,26.6,10.6,30.2,0.0066,0.293,0.34,0,0,"BETPAP",24,4.2,23.75,0,0,0
"BETPAP_54",13,27,0,1,36.1,47.6,34.5,25.3,23.7,36.1,0.0127,0.238,0.254,0,0,"BETPAP",14,11.5,29.9,0,0,0
"BETPAP_64",13,43,1,1,39.4,49.7,23.7,32.1,35.2,29.5,0.0129,0.194,0.207,0,0,"BETPAP",30,10.3,30.125,0,0,0
"BETPAP_74",13,27,0,1,34.1,43.9,29.7,24.5,44.9,25,0.0138,0.23,0.345,0,0,"BETPAP",14,9.8,31.025,0,0,0
"BETPAP_84",13,27,1,1,41.2,46.9,29.8,29.4,32.9,36.4,0.015,0.306,0.26,0,0,"BETPAP",14,5.7,32.125,0,0,0
"BETPAP_94",17,34,0,1,41.4,48.4,27.5,28.8,21.8,31.4,0.0101,0.275,0.252,0,0,"BETPAP",17,7,27.375,0,0,0
"BETPAP_104",14,36,1,1,31.2,34.7,26.2,29.6,31.1,26.4,0.0111,0.267,0.289,0,0,"BETPAP",22,3.5,28.325,0,0,0
"BETPAP_114",13,27,0,1,35.2,41.4,35.4,24.6,33.6,25.2,0.0125,0.268,0.263,0,0,"BETPAP",14,6.2,29.7,0,0,0
"BETPAP_124",22,36,1,1,28.1,32.4,25.7,28.6,23,33.3,0.0104,0.239,0.267,0,0,"BETPAP",14,4.3,27.65,0,0,0
"BETPAP_134",13,31,0,1,30.6,35.9,25.2,27.2,27.8,23,0.0086,0.279,0.305,0,0,"BETPAP",18,5.3,25.8,0,0,0
"BETPAP_144",10,34,1,1,43.9,54.5,25.7,26.7,31.3,24,0.0097,0.244,0.256,0,0,"BETPAP",24,10.6,26.925,0,0,0
"BETPAP_154",15,34,0,1,33.2,37.7,27.3,19.3,21.8,25,0.0063,0.309,0.322,0,0,"BETPAP",19,4.5,23.35,0,0,0
"BETPAP_164",14,36,1,1,39,45.7,22.2,28.9,21,15.7,0.005,0.288,0.188,0,0,"BETPAP",22,6.7,21.95,0,0,0
"BETPAP_16",16,35,0,2,28.4,32.2,26.9,31.1,26.3,34.9,0.0126,0.13,0.153,1,0,"BETPAP",19,3.8,29.8,0,0,0
"BETPAP_26",16,43,1,2,26.2,38.2,25.7,31.1,25.6,30.1,0.0109,0.157,0.28,1,0,"BETPAP",27,12,28.125,2,0,1
"BETPAP_36",14,30,0,2,36.4,41.6,33.1,39.3,26.6,42.6,0.0186,0.177,0.18,1,0,"BETPAP",16,5.2,35.4,0,0,0
"BETPAP_46",21,43,1,2,38.6,42.6,28.6,29.6,25.1,28,0.0106,0.18,0.227,1,0,"BETPAP",22,4,27.825,2,0,1
"BETPAP_56",14,40,0,2,45.2,46.8,24.3,30,26.1,28.4,0.0099,0.17,0.177,1,0,"BETPAP",26,1.59999999999999,27.2,0,0,0
"BETPAP_66",16,37,1,2,39,53.1,29.8,25.7,33.3,23.2,0.0107,0.152,0.165,1,0,"BETPAP",21,14.1,28,0,0,0
"BETPAP_76",11,32,0,2,27.8,32.6,25.8,25.8,26.3,24.6,0.0084,0.154,0.227,1,0,"BETPAP",21,4.8,25.625,0,0,0
"BETPAP_86",14,35,1,2,29.2,37.8,25.5,24.8,28.8,25,0.0088,0.15,0.159,1,0,"BETPAP",21,8.6,26.025,0,0,0
"BETPAP_96",9,28,0,2,45.8,56.9,34.6,35,39.2,33.5,0.0188,0.165,0.18,1,0,"BETPAP",19,11.1,35.575,0,0,0
"BETPAP_106",18,43,1,2,47.7,47.7,29.9,30.7,31.6,30.9,0.0136,0.144,0.172,1,0,"BETPAP",25,0,30.775,2,0,1
"BETPAP_116",7,25,0,2,35,51.2,22.6,27,35.6,28.5,0.0112,0.194,0.21,1,0,"BETPAP",18,16.2,28.425,0,0,0
"BETPAP_126",14,30,1,2,35,47.4,28.9,23.7,25.8,26.3,0.0089,0.148,0.169,1,0,"BETPAP",16,12.4,26.175,0,0,0
"BETPAP_136",14,25,0,2,38.7,43.5,39,45,39.8,25.3,0.0208,0.213,0.257,1,0,"BETPAP",11,4.8,37.275,0,0,0
"BETPAP_146",21,40,1,2,40.4,44.7,30.2,26.8,26.7,30.1,0.0136,0.151,0.183,1,0,"BETPAP",19,4.3,28.45,0,0,0
"BETPAP_156",14,30,0,2,38.7,54.6,23.2,27.5,21.3,26.9,0.0075,0.153,0.17,1,0,"BETPAP",16,15.9,24.725,0,0,0
"BETPAP_166",14,32,1,2,47.1,42.6,29,22.6,33.1,22.6,0.0096,0.19,0.194,1,0,"BETPAP",18,-4.5,26.825,0,0,0
"BETPAP_18",14,26,0,3,38.6,46.5,32.4,37.5,29.6,32.7,0.016,NA,NA,0,1,"BETPAP",12,7.9,33.05,0,0,0
"BETPAP_28",14,32,1,3,33.5,38.6,25.5,27.4,26.8,30.5,0.0103,NA,NA,0,1,"BETPAP",18,5.1,27.55,2,0,1
"BETPAP_38",11,26,0,3,36.2,45.4,37.9,29.7,32.6,33.5,0.0164,NA,NA,0,1,"BETPAP",15,9.2,33.425,0,0,0
"BETPAP_48",16,37,1,3,40.1,41.5,26.9,26.6,28.6,28.5,0.0104,NA,NA,0,1,"BETPAP",21,1.4,27.65,2,0,1
"BETPAP_58",11,26,0,3,45.7,62.3,34.3,38.7,41.9,35.4,0.0211,NA,NA,0,1,"BETPAP",15,16.6,37.575,0,0,0
"BETPAP_68",21,35,1,3,37.2,45.3,28.9,24.1,21.8,25,0.0078,NA,NA,0,1,"BETPAP",14,8.09999999999999,24.95,2,0,1
"BETPAP_78",26,37,0,3,46.6,51.7,22.9,23.2,21.6,22.6,0.0055,NA,NA,0,1,"BETPAP",11,5.1,22.575,2,0,1
"BETPAP_88",7,29,1,3,33,42.7,16.7,25.3,28.7,26.7,0.0072,NA,NA,0,1,"BETPAP",22,9.7,24.35,2,0,1
"BETPAP_98",7,23,0,3,28.4,37.7,26.2,28,36.8,34.1,0.0141,NA,NA,0,1,"BETPAP",16,9.3,31.275,0,0,0
"BETPAP_108",16,32,1,3,45.6,54.3,29.6,29.4,25.7,31.8,0.0119,NA,NA,0,1,"BETPAP",16,8.7,29.125,2,0,1
"BETPAP_118",16,32,0,3,30.8,38.6,26.3,24.5,40.4,25.7,0.012,NA,NA,0,1,"BETPAP",16,7.8,29.225,2,0,1
"BETPAP_128",7,26,1,3,36,39.9,30.6,28.4,29.2,26.6,0.0114,NA,NA,0,1,"BETPAP",19,3.9,28.7,0,0,0
"BETPAP_138",14,26,0,3,38.4,42.3,23.1,26.1,24.9,20.4,0.0065,NA,NA,0,1,"BETPAP",12,3.9,23.625,0,0,0
"BETPAP_148",14,44,1,3,31.4,33.8,30.9,22.8,30.6,23.8,NA,NA,NA,0,1,"BETPAP",30,2.4,27.025,2,0,1
"BETPAP_158",9,23,0,3,25.8,43.3,22.7,27.6,23.1,29.5,0.0085,NA,NA,0,1,"BETPAP",14,17.5,25.725,0,0,0
"BETPAP_168",16,32,1,3,39.7,41.6,20.1,20.6,25.8,29.9,0.0069,NA,NA,0,1,"BETPAP",16,1.9,24.1,2,0,1
"BETPOP_14",15,34,0,1,56.2,61.7,29.9,26.6,26.5,30.4,0.0111,0.192,0.227,0,0,"BETPOP",19,5.5,28.35,0,0,0
"BETPOP_24",22,41,1,1,56.4,61.5,30.6,26,24,28.3,0.01,0.196,0.24,0,0,"BETPOP",19,5.1,27.225,0,0,0
"BETPOP_34",15,36,0,1,60.5,62.6,28,31,33.3,40.6,0.0162,0.198,0.232,0,0,"BETPOP",21,2.1,33.225,0,0,0
"BETPOP_44",22,38,1,1,56.5,65.8,37.3,40,33.6,28.3,0.0179,0.188,0.246,0,0,"BETPOP",16,9.3,34.8,0,0,0
"BETPOP_54",22,38,0,1,53.8,57.6,29.1,31.3,29.2,31.9,0.0132,0.236,0.213,0,0,"BETPOP",16,3.8,30.375,0,0,0
"BETPOP_64",20,38,1,1,49.4,54.3,35.5,28.3,28,30.6,0.0134,0.232,0.199,0,0,"BETPOP",18,4.9,30.6,0,0,0
"BETPOP_74",20,31,0,1,39.4,46.8,29.1,26.8,29.4,25.9,0.0105,0.265,0.196,0,0,"BETPOP",11,7.4,27.8,0,0,0
"BETPOP_84",27,41,1,1,45.1,52.9,25.4,25.5,29.7,25.7,0.0093,0.256,0.242,0,0,"BETPOP",14,7.8,26.575,0,0,0
"BETPOP_94",17,41,0,1,46.2,53.9,32.7,26.8,31.5,27.8,0.0125,0.196,0.221,0,0,"BETPOP",24,7.7,29.7,0,0,0
"BETPOP_104",24,41,1,1,44.8,52.8,29.7,27,33.3,27.2,0.012,0.216,0.27,0,0,"BETPOP",17,8,29.3,0,0,0
"BETPOP_114",20,38,0,1,55.7,59.2,35.2,20.3,35.4,26.1,0.012,0.296,0.18,0,0,"BETPOP",18,3.5,29.25,0,0,0
"BETPOP_124",17,38,1,1,37.1,45,41.4,39.7,51.4,38,0.0272,0.266,0.241,0,0,"BETPOP",21,7.9,42.625,0,0,0
"BETPOP_134",20,34,0,1,52.8,58.3,36.9,29.7,31.5,28.5,0.0145,0.208,0.262,0,0,"BETPOP",14,5.5,31.65,0,0,0
"BETPOP_144",17,38,1,1,43.8,56.8,39.4,37.7,38.9,37,0.0219,0.232,0.205,0,0,"BETPOP",21,13,38.25,0,0,0
"BETPOP_154",15,34,0,1,51.7,63.2,27.9,31.2,31.4,34.7,0.0141,0.21,0.249,0,0,"BETPOP",19,11.5,31.3,0,0,0
"BETPOP_164",24,41,1,1,47,53.3,29.6,26.2,22.3,22.3,0.0079,0.208,0.213,0,0,"BETPOP",17,6.3,25.1,0,0,0
"BETPOP_16",14,32,0,2,50.2,57.2,28.8,25.6,44.6,37.1,0.0171,0.139,0.229,1,0,"BETPOP",18,7,34.025,0,0,0
"BETPOP_26",23,37,1,2,48.8,54.7,31.1,33.1,25.8,30.6,0.0129,0.165,0.132,1,0,"BETPOP",14,5.90000000000001,30.15,0,0,0
"BETPOP_36",16,32,0,2,36,57.1,33.7,35,27.7,27.3,0.0137,0.151,0.16,1,0,"BETPOP",16,21.1,30.925,0,0,0
"BETPOP_46",18,40,1,2,51.4,55.7,31.1,32.7,28.7,25.3,0.0122,0.169,0.149,1,0,"BETPOP",22,4.3,29.45,0,0,0
"BETPOP_56",14,30,0,2,36.2,53.7,30.8,25.2,26.5,29.1,0.0106,0.157,0.149,1,0,"BETPOP",16,17.5,27.9,0,0,0
"BETPOP_66",23,37,1,2,54.8,59.2,25.1,28.9,24.4,27.2,0.0091,0.131,0.161,1,0,"BETPOP",14,4.40000000000001,26.4,0,0,0
"BETPOP_76",18,35,0,2,59.1,62.5,27.6,28.2,26.4,26.1,0.0098,0.141,0.188,1,0,"BETPOP",17,3.4,27.075,0,0,0
"BETPOP_86",14,32,1,2,46,49.5,24.8,20.9,24.3,24.1,0.0064,0.135,0.145,1,0,"BETPOP",18,3.5,23.525,0,0,0
"BETPOP_96",18,32,0,2,51.3,56.7,34.2,31.4,35.7,38.4,0.0181,0.153,0.181,1,0,"BETPOP",14,5.40000000000001,34.925,0,0,0
"BETPOP_106",16,32,1,2,34.2,41.8,29.6,27.5,27.4,26.2,0.0104,0.134,0.143,1,0,"BETPOP",16,7.59999999999999,27.675,0,0,0
"BETPOP_116",16,32,0,2,43.6,46.9,27,31.4,31.3,36.2,0.0143,0.145,0.143,1,0,"BETPOP",16,3.3,31.475,0,0,0
"BETPOP_126",25,40,1,2,50,54.8,24.8,27.6,29.1,29,0.0104,0.153,0.12,1,0,"BETPOP",15,4.8,27.625,0,0,0
"BETPOP_136",18,32,0,2,46.2,57.4,44.1,38.3,41.5,47.7,0.0276,0.123,0.15,1,0,"BETPOP",14,11.2,42.9,0,0,0
"BETPOP_146",18,32,1,2,47.4,53.3,33.7,30.6,29.2,34.8,0.015,0.15,0.135,1,0,"BETPOP",14,5.9,32.075,0,0,0
"BETPOP_156",16,32,0,2,56.8,66.7,42.4,40.7,35.1,40.8,0.0237,0.154,0.172,1,0,"BETPOP",16,9.90000000000001,39.75,0,0,0
"BETPOP_166",25,37,1,2,53.4,58.6,26.6,30.5,37.1,29.3,0.0137,0.151,0.169,1,0,"BETPOP",12,5.2,30.875,0,0,0
"BETPOP_18",16,29,0,3,51.8,58.4,31,26.8,28.3,28.4,0.0114,NA,NA,0,1,"BETPOP",13,6.6,28.625,2,0,1
"BETPOP_28",18,32,1,3,54.1,60.2,26.2,22.4,26.9,25.3,0.008,NA,NA,0,1,"BETPOP",14,6.1,25.2,2,0,1
"BETPOP_38",21,32,0,3,46.6,49.9,30.6,29.7,39.7,20.5,0.0129,NA,NA,0,1,"BETPOP",11,3.3,30.125,2,0,1
"BETPOP_48",21,32,1,3,47.9,55.4,26.3,30.4,30.8,27.8,0.0116,NA,NA,0,1,"BETPOP",11,7.5,28.825,2,0,1
"BETPOP_58",16,29,0,3,41.4,46.3,28.4,28.5,26.4,26.7,0.0102,NA,NA,0,1,"BETPOP",13,4.9,27.5,2,0,1
"BETPOP_68",18,32,1,3,53.4,56.4,26.3,27.5,30.3,31.3,0.0116,NA,NA,0,1,"BETPOP",14,3,28.85,2,0,1
"BETPOP_78",14,26,0,3,51.6,58.3,44.9,41.9,47.4,35.2,0.0269,NA,NA,0,1,"BETPOP",12,6.7,42.35,0,0,0
"BETPOP_88",14,37,1,3,50.6,55.9,27.4,26.8,26.9,28.7,0.0102,NA,NA,0,1,"BETPOP",23,5.3,27.45,2,0,1
"BETPOP_98",21,32,0,3,54.7,59,26.9,25.9,25.3,29.1,0.0095,NA,NA,0,1,"BETPOP",11,4.3,26.8,2,0,1
"BETPOP_108",16,32,1,3,55.2,57.4,35.5,29.5,27.1,33.1,0.0141,NA,NA,0,1,"BETPOP",16,2.2,31.3,2,0,1
"BETPOP_118",14,26,0,3,49.8,56,30.6,39.1,37.1,28.8,0.0169,NA,NA,0,1,"BETPOP",12,6.2,33.9,0,0,0
"BETPOP_128",16,29,1,3,51.6,57.7,31.4,29.1,24.5,26.2,0.0105,NA,NA,0,1,"BETPOP",13,6.1,27.8,2,0,1
"BETPOP_138",21,29,0,3,53.7,69.6,37.7,32.2,33.5,42.2,0.0198,NA,NA,0,1,"BETPOP",8,15.9,36.4,2,0,1
"BETPOP_148",16,29,1,3,46.3,54.1,29.6,31.2,25.8,25.5,0.0108,NA,NA,0,1,"BETPOP",13,7.8,28.025,2,0,1
"BETPOP_158",14,26,0,3,49,56.2,36.2,33.9,29.7,35.4,0.0168,NA,NA,0,1,"BETPOP",12,7.2,33.8,0,0,0
"BETPOP_168",16,32,1,3,46.5,58.6,33.7,41.7,41.7,35.2,0.0217,NA,NA,0,1,"BETPOP",16,12.1,38.075,2,0,1
"CORRAC_14",13,27,0,1,55.8,60.9,26.7,26.7,24,30.2,0.0096,0.239,0.22,0,0,"CORRAC",14,5.1,26.9,0,0,0
"CORRAC_24",15,29,1,1,57.6,57.1,29.4,37.2,30.3,25,0.0111,0.233,0.218,0,0,"CORRAC",14,-0.5,30.475,0,0,0
"CORRAC_34",13,31,0,1,61.1,62.7,32.5,31.4,31.9,32.5,0.015,0.194,0.227,0,0,"CORRAC",18,1.6,32.075,0,0,0
"CORRAC_44",29,45,1,1,31.8,32.6,29.9,24.8,26.6,27.7,0.01,0.117,0.123,0,0,"CORRAC",16,0.800000000000001,27.25,0,0,0
"CORRAC_54",13,24,0,1,34.2,47.9,29.8,33.3,25.9,31.2,0.0128,0.244,0.224,0,0,"CORRAC",11,13.7,30.05,0,0,0
"CORRAC_64",17,41,1,1,54.4,58.1,33.7,31.4,34.1,37.9,0.0174,0.28,0.231,0,0,"CORRAC",24,3.7,34.275,0,0,0
"CORRAC_74",20,45,0,1,51.6,53.3,43,37,35.1,45,0.024,0.252,0.251,0,0,"CORRAC",25,1.7,40.025,0,0,0
"CORRAC_84",29,43,1,1,51.8,56.2,34,34.7,28.5,28.1,0.0142,0.185,0.222,0,0,"CORRAC",14,4.40000000000001,31.325,0,0,0
"CORRAC_94",17,36,0,1,54.1,59.1,27.4,28.2,28.5,32.1,0.0118,0.2,0.227,0,0,"CORRAC",19,5,29.05,0,0,0
"CORRAC_104",14,36,1,1,49.2,48.3,32.1,31.3,36.4,30.3,0.0154,0.137,0.18,0,0,"CORRAC",22,-0.900000000000006,32.525,0,0,0
"CORRAC_114",20,41,0,1,51.3,57.3,35.2,38.4,41.4,39.7,0.0224,0.153,0.199,0,0,"CORRAC",21,6,38.675,0,0,0
"CORRAC_124",8,27,1,1,58.2,61.4,29.7,32.3,26,31.8,0.0127,0.166,0.177,0,0,"CORRAC",19,3.2,29.95,0,0,0
"CORRAC_134",10,27,0,1,53.6,60.4,18.4,21.5,24,20.9,0.0043,0.203,0.242,0,0,"CORRAC",17,6.8,21.2,0,0,0
"CORRAC_144",10,31,1,1,60.8,63.7,39,34.9,36.6,36.3,0.0201,0.203,0.263,0,0,"CORRAC",21,2.90000000000001,36.7,0,0,0
"CORRAC_154",8,22,0,1,55.4,60.7,26.6,34.2,26.2,26,0.011,0.257,0.275,0,0,"CORRAC",14,5.3,28.25,0,0,0
"CORRAC_164",13,29,1,1,58.4,61,37,31.8,35.4,27.1,0.0158,0.16,0.225,0,0,"CORRAC",16,2.6,32.825,0,0,0
"CORRAC_16",14,32,0,2,48.4,51.9,30.8,30.7,30.1,33.1,0.014,0.173,0.195,1,0,"CORRAC",18,3.5,31.175,0,0,0
"CORRAC_26",21,43,1,2,39.5,40.9,24.3,22.8,25,28.8,0.008,0.12,0.148,1,0,"CORRAC",22,1.4,25.225,2,0,1
"CORRAC_36",14,30,0,2,57.6,63.5,26.8,27.8,22.1,23.5,0.0078,0.19,0.252,1,0,"CORRAC",16,5.9,25.05,0,0,0
"CORRAC_46",23,43,1,2,53.8,53.6,23.7,32.8,26.6,26.3,0.0101,0.115,0.126,1,0,"CORRAC",20,-0.199999999999996,27.35,2,0,1
"CORRAC_56",25,40,0,2,39.6,44.6,35.6,31.8,31.1,33.2,0.0159,0.175,0.171,1,0,"CORRAC",15,5,32.925,0,0,0
"CORRAC_66",14,30,1,2,39.1,45,32.6,29.1,36.2,33.4,0.0158,0.181,0.151,1,0,"CORRAC",16,5.9,32.825,0,0,0
"CORRAC_76",16,30,0,2,52,61.9,39.1,24.7,26.4,26.3,0.0119,0.143,0.13,1,0,"CORRAC",14,9.9,29.125,0,0,0
"CORRAC_86",21,37,1,2,48.2,51.5,29.4,21.9,27.8,36.8,0.0117,0.144,0.168,1,0,"CORRAC",16,3.3,28.975,0,0,0
"CORRAC_96",14,28,0,2,48.2,50.6,29.9,28,33.4,28.9,0.0128,0.169,0.195,1,0,"CORRAC",14,2.4,30.05,0,0,0
"CORRAC_106",21,43,1,2,51.2,53.5,30.5,34,40.4,32.6,0.0175,0.16,0.162,1,0,"CORRAC",22,2.3,34.375,2,0,1
"CORRAC_116",14,35,0,2,51.4,57.2,25.9,27.5,24.5,26.5,0.0089,0.117,0.142,1,0,"CORRAC",21,5.8,26.1,0,0,0
"CORRAC_126",11,28,1,2,43.6,48.8,22.1,26.8,33.4,37.9,0.0128,0.142,0.171,1,0,"CORRAC",17,5.2,30.05,0,0,0
"CORRAC_136",7,21,0,2,50.2,56.8,32.1,29.3,35.9,27.9,0.0141,0.166,0.165,1,0,"CORRAC",14,6.59999999999999,31.3,0,0,0
"CORRAC_146",9,30,1,2,50.2,47.4,33.3,39.4,41.1,30.2,0.0193,0.098,0.111,1,0,"CORRAC",21,-2.8,36,0,0,0
"CORRAC_156",14,32,0,2,45,51.5,39.3,37.3,37,30.4,0.0193,0.12,0.15,1,0,"CORRAC",18,6.5,36,0,0,0
"CORRAC_166",11,28,1,2,34.2,49,28.6,30.3,33.5,30.4,0.0135,0.108,0.147,1,0,"CORRAC",17,14.8,30.7,0,0,0
"CORRAC_18",14,29,0,3,62.9,64.3,40.4,42.2,36.7,43.8,0.0249,0.157,0.244,0,1,"CORRAC",15,1.4,40.775,2,0,1
"CORRAC_28",9,37,1,3,49.5,51.2,23.9,22.6,25.2,25.8,0.0072,0.17,0.186,0,1,"CORRAC",28,1.7,24.375,2,0,1
"CORRAC_38",18,29,0,3,41.6,45.5,26.9,33.3,32.6,26.4,0.0126,0.155,0.158,0,1,"CORRAC",11,3.9,29.8,2,0,1
"CORRAC_48",18,32,1,3,50.3,56.5,28.5,37.7,35.5,32.7,0.0166,0.135,0.227,0,1,"CORRAC",14,6.2,33.6,2,0,1
"CORRAC_58",26,37,0,3,49.6,50.8,29.3,31.7,33.1,29.9,0.0138,0.166,0.183,0,1,"CORRAC",11,1.2,31,2,0,1
"CORRAC_68",11,29,1,3,56,60.1,26.8,30.1,26.9,29.6,0.0111,0.148,0.15,0,1,"CORRAC",18,4.1,28.35,2,0,1
"CORRAC_78",7,21,0,3,36.2,39.3,39.1,39.7,38.5,39.6,0.0231,0.16,0.255,0,1,"CORRAC",14,3.09999999999999,39.225,0,0,0
"CORRAC_88",16,32,1,3,40.6,48.2,25.1,20.1,24,26.8,0.0069,0.186,0.132,0,1,"CORRAC",16,7.6,24,2,0,1
"CORRAC_98",23,32,0,3,55,59,42.6,40.9,31.8,51.3,0.026,0.164,0.244,0,1,"CORRAC",9,4,41.65,2,0,1
"CORRAC_108",7,26,1,3,55.9,59.6,34.7,39.1,34.5,36.5,0.0195,0.152,0.187,0,1,"CORRAC",19,3.7,36.2,0,0,0
"CORRAC_118",7,21,0,3,53.4,58.8,34.4,36.9,39.4,35.6,0.02,0.202,0.229,0,1,"CORRAC",14,5.4,36.575,0,0,0
"CORRAC_128",14,35,1,3,47.3,47.5,42.6,31.5,39.4,41.2,0.0224,0.146,0.158,0,1,"CORRAC",21,0.200000000000003,38.675,2,0,1
"CORRAC_138",9,26,0,3,60.4,66.5,38.6,36,35.3,29.9,0.0181,0.161,0.19,0,1,"CORRAC",17,6.1,34.95,0,0,0
"CORRAC_148",14,32,1,3,55.6,54.4,31.6,24.5,31.7,34.4,0.0133,0.134,0.175,0,1,"CORRAC",18,-1.2,30.55,2,0,1
"CORRAC_158",14,35,0,3,50.2,55.9,31.4,27.6,30.7,27.6,0.0121,0.139,0.146,0,1,"CORRAC",21,5.7,29.325,2,0,1
"CORRAC_168",7,29,1,3,58.6,63.7,37.8,35.9,38,27.5,0.0179,0.177,0.237,0,1,"CORRAC",22,5.1,34.8,2,0,1
"FAGGRA_24",64,80,1,1,45,NA,NA,NA,NA,NA,NA,NA,NA,0,0,"FAGGRA",16,NA,NA,0,0,0
"FAGGRA_34",62,71,0,1,40.2,39.8,29,26.3,29.7,28.3,NA,NA,NA,0,0,"FAGGRA",9,-0.400000000000006,28.325,0,0,0
"FAGGRA_44",66,83,1,1,26.9,NA,NA,NA,NA,NA,NA,NA,NA,0,0,"FAGGRA",17,NA,NA,0,0,0
"FAGGRA_74",97,120,0,1,28.3,NA,NA,NA,NA,NA,NA,NA,NA,0,0,"FAGGRA",23,NA,NA,0,0,0
"FAGGRA_104",69,94,1,1,34.1,NA,NA,NA,NA,NA,NA,NA,NA,0,0,"FAGGRA",25,NA,NA,0,0,0
"FAGGRA_114",80,94,0,1,27.7,NA,NA,NA,NA,NA,NA,NA,NA,0,0,"FAGGRA",14,NA,NA,0,0,0
"FAGGRA_134",83,94,0,1,30.3,NA,NA,NA,NA,NA,NA,NA,NA,0,0,"FAGGRA",11,NA,NA,0,0,0
"FAGGRA_16",81,102,0,2,30.8,NA,NA,NA,NA,NA,NA,NA,NA,1,0,"FAGGRA",21,NA,NA,0,0,0
"FAGGRA_26",64,79,1,2,35.9,NA,NA,NA,NA,NA,NA,NA,NA,1,0,"FAGGRA",15,NA,NA,0,0,0
"FAGGRA_76",60,70,0,2,29.2,NA,NA,NA,NA,NA,NA,NA,NA,1,0,"FAGGRA",10,NA,NA,0,0,0
"FAGGRA_96",63,74,0,2,38.6,NA,NA,NA,NA,NA,NA,NA,NA,1,0,"FAGGRA",11,NA,NA,0,0,0
"FAGGRA_136",53,63,0,2,20.1,20.2,26.2,29.5,27.8,21.5,NA,NA,NA,1,0,"FAGGRA",10,0.0999999999999979,26.25,0,0,0
"FAGGRA_156",63,70,0,2,21.9,NA,NA,NA,NA,NA,NA,NA,NA,1,0,"FAGGRA",7,NA,NA,0,0,0
"NYSSYL_74",36,73,0,1,28.5,29.6,28.9,23,31.5,25.2,NA,NA,NA,0,0,"NYSSYL",37,1.1,27.15,2,0,1
"NYSSYL_104",36,83,1,1,26.7,NA,NA,NA,NA,NA,NA,NA,NA,0,0,"NYSSYL",47,NA,NA,2,0,1
"NYSSYL_114",36,69,0,1,21.8,21.4,22.4,34.6,21.9,26.6,NA,NA,NA,0,0,"NYSSYL",33,-0.400000000000002,26.375,2,0,1
"NYSSYL_124",48,94,1,1,25.4,NA,NA,NA,NA,NA,NA,NA,NA,0,0,"NYSSYL",46,NA,NA,2,0,1
"NYSSYL_144",36,92,1,1,32.2,NA,NA,NA,NA,NA,NA,NA,NA,0,0,"NYSSYL",56,NA,NA,2,0,1
"NYSSYL_154",36,56,0,1,23.6,22.2,28.2,27,29.9,23.1,0.0098,NA,NA,0,0,"NYSSYL",20,-1.4,27.05,2,0,1
"NYSSYL_48",35,95,1,3,24.5,NA,NA,NA,NA,NA,NA,NA,NA,0,1,"NYSSYL",60,NA,NA,1,1,0
"NYSSYL_148",37,79,1,3,15.9,NA,NA,NA,NA,NA,NA,NA,NA,0,1,"NYSSYL",42,NA,NA,1,1,0
"SALPUR_14",13,20,0,1,28.8,74.9,22.9,49.6,46.9,41.4,0.0242,0.213,0.173,0,0,"SALPUR",7,46.1,40.2,0,0,0
"SALPUR_24",13,24,1,1,35,89.1,47.1,47,42.5,34,0.0273,0.207,0.19,0,0,"SALPUR",11,54.1,42.65,0,0,0
"SALPUR_34",8,20,0,1,25.6,75.9,46.9,42.4,50,47.4,0.0325,0.215,0.325,0,0,"SALPUR",12,50.3,46.675,0,0,0
"SALPUR_44",8,22,1,1,18.2,77.2,52.6,44,52,49.1,0.0362,0.21,0.196,0,0,"SALPUR",14,59,49.425,0,0,0
"SALPUR_54",13,22,0,1,26.8,64.9,39.8,41.2,35.9,45.1,0.0246,0.21,0.188,0,0,"SALPUR",9,38.1,40.5,0,0,0
"SALPUR_64",8,20,1,1,19.2,77.3,44.2,35,37.5,40.4,0.0231,0.229,0.186,0,0,"SALPUR",12,58.1,39.275,0,0,0
"SALPUR_74",10,20,0,1,15.8,60.5,47.5,46.6,42.6,41.6,0.0297,0.216,0.172,0,0,"SALPUR",10,44.7,44.575,0,0,0
"SALPUR_84",8,22,1,1,23.8,62.5,46.2,45.2,43.4,45.7,0.0304,0.199,0.174,0,0,"SALPUR",14,38.7,45.125,0,0,0
"SALPUR_94",13,20,0,1,23.4,67.1,53.9,42.6,43.3,38.3,0.0297,0.181,0.186,0,0,"SALPUR",7,43.7,44.525,0,0,0
"SALPUR_104",13,24,1,1,24.6,66,37.4,29.6,47.1,46.4,0.0242,0.211,0.194,0,0,"SALPUR",11,41.4,40.125,0,0,0
"SALPUR_114",10,20,0,1,20.2,52.2,42.9,45.5,52.3,40.6,0.0307,0.151,0.194,0,0,"SALPUR",10,32,45.325,0,0,0
"SALPUR_124",10,20,1,1,33.8,70.9,42.8,37.6,39.4,39.5,0.0238,0.188,0.181,0,0,"SALPUR",10,37.1,39.825,0,0,0
"SALPUR_134",10,20,0,1,18.4,60.1,54.3,47.8,46.5,50.1,0.0365,0.215,0.201,0,0,"SALPUR",10,41.7,49.675,0,0,0
"SALPUR_144",13,31,1,1,27.2,61.6,24.3,46,50.2,30.6,0.0214,0.176,0.176,0,0,"SALPUR",18,34.4,37.775,0,0,0
"SALPUR_154",8,14,0,1,26.4,60.1,37.3,48.6,57,50.4,0.0347,0.221,0.243,0,0,"SALPUR",6,33.7,48.325,0,0,0
"SALPUR_164",13,24,1,1,31.8,63.2,46.2,51,51.5,45.3,0.0349,0.212,0.177,0,0,"SALPUR",11,31.4,48.5,0,0,0
"SALPUR_16",9,21,0,2,18.8,87.2,44,41.9,46.5,47.9,0.0304,0.132,0.159,1,0,"SALPUR",12,68.4,45.075,0,0,0
"SALPUR_26",14,32,1,2,31.8,76.2,46.8,33.4,42.3,41.6,0.0253,0.095,0.155,1,0,"SALPUR",18,44.4,41.025,0,0,0
"SALPUR_36",9,25,0,2,22.3,79.4,44.9,45.8,43.8,46.3,0.0305,0.156,0.157,1,0,"SALPUR",16,57.1,45.2,0,0,0
"SALPUR_46",9,25,1,2,18.4,84.9,45.4,43.4,14,45.1,0.0204,0.149,0.155,1,0,"SALPUR",16,66.5,36.975,0,0,0
"SALPUR_56",11,28,0,2,29.4,87.2,42.1,46.9,46.6,35,0.0273,0.145,0.158,1,0,"SALPUR",17,57.8,42.65,0,0,0
"SALPUR_66",9,25,1,2,19.6,75.1,43.1,41.1,42.6,26.7,0.0221,0.131,0.159,1,0,"SALPUR",16,55.5,38.375,0,0,0
"SALPUR_76",11,25,0,2,22.2,73.9,44.5,38.1,40.2,39.7,0.0248,0.134,0.161,1,0,"SALPUR",14,51.7,40.625,0,0,0
"SALPUR_86",7,30,1,2,25.8,64.4,44.3,41.8,39.8,40.4,0.0259,0.126,0.149,1,0,"SALPUR",23,38.6,41.575,0,0,0
"SALPUR_96",9,30,0,2,24.2,89.8,42.1,41.6,38.8,37.5,0.024,0.154,0.159,1,0,"SALPUR",21,65.6,40,0,0,0
"SALPUR_106",11,32,1,2,20.4,78.3,32.6,19.9,36.4,36.7,0.0142,0.143,0.127,1,0,"SALPUR",21,57.9,31.4,0,0,0
"SALPUR_116",14,28,0,2,27.8,82.4,41.6,30.3,42.3,38,0.0217,0.137,0.159,1,0,"SALPUR",14,54.6,38.05,0,0,0
"SALPUR_126",11,28,1,2,29.6,78.2,34.5,34.9,35.3,33.2,0.0176,0.129,0.156,1,0,"SALPUR",17,48.6,34.475,0,0,0
"SALPUR_136",9,21,0,2,28.6,88.7,40.6,44.5,51,48.1,0.0316,0.149,0.161,1,0,"SALPUR",12,60.1,46.05,0,0,0
"SALPUR_146",9,28,1,2,25.6,91.4,42.3,42.6,46.2,37.9,0.0268,0.131,0.16,1,0,"SALPUR",19,65.8,42.25,0,0,0
"SALPUR_156",11,21,0,2,25.4,72.9,46.4,31.4,47.1,44.7,0.027,0.126,0.173,1,0,"SALPUR",10,47.5,42.4,0,0,0
"SALPUR_166",11,30,1,2,25.2,48.8,35,51.9,33.5,45.2,0.0257,0.129,0.132,1,0,"SALPUR",19,23.6,41.4,0,0,0
"SALPUR_18",9,21,0,3,26,72.3,47.4,45,40.6,43.1,0.029,NA,NA,0,1,"SALPUR",12,46.3,44.025,0,0,0
"SALPUR_28",9,25,1,3,24.1,55,22.5,41.4,31.1,41.5,0.0172,NA,NA,0,1,"SALPUR",16,30.9,34.125,0,0,0
"SALPUR_38",9,25,0,3,21.2,66.3,23.7,42.6,44.5,44.1,0.0225,NA,NA,0,1,"SALPUR",16,45.1,38.725,0,0,0
"SALPUR_48",9,23,1,3,26,77.9,40.1,42.5,42.3,41.4,0.0259,NA,NA,0,1,"SALPUR",14,51.9,41.575,0,0,0
"SALPUR_58",9,21,0,3,25.6,65.2,30.5,42.7,44.5,37,0.0224,NA,NA,0,1,"SALPUR",12,39.6,38.675,0,0,0
"SALPUR_68",9,23,1,3,27.4,70.6,33.6,45.1,32.1,44.9,0.0227,NA,NA,0,1,"SALPUR",14,43.2,38.925,0,0,0
"SALPUR_78",11,23,0,3,27.4,82.7,43.2,45.8,43.7,47,0.0302,NA,NA,0,1,"SALPUR",12,55.3,44.925,0,0,0
"SALPUR_88",4,21,1,3,18.2,77.5,41.1,38.8,39.4,35.2,0.0224,NA,NA,0,1,"SALPUR",17,59.3,38.625,0,0,0
"SALPUR_98",11,21,0,3,21,80.6,40.8,41.1,44.3,34.4,0.0242,NA,NA,0,1,"SALPUR",10,59.6,40.15,0,0,0
"SALPUR_108",9,25,1,3,34,77.5,32,29.2,25.7,38.7,0.0142,NA,NA,0,1,"SALPUR",16,43.5,31.4,0,0,0
"SALPUR_118",9,23,0,3,25.4,84,43,44.4,44.7,43.1,0.0287,NA,NA,0,1,"SALPUR",14,58.6,43.8,0,0,0
"SALPUR_128",9,23,1,3,32.6,113.9,46.5,41.1,44.1,42.2,0.0283,NA,NA,0,1,"SALPUR",14,81.3,43.475,0,0,0
"SALPUR_138",7,21,0,3,28.2,74.6,47.3,45.6,45.2,44.7,0.0312,NA,NA,0,1,"SALPUR",14,46.4,45.7,0,0,0
"SALPUR_148",14,26,1,3,26.2,72.6,48.5,52.1,46.7,44.7,0.0342,NA,NA,0,1,"SALPUR",12,46.4,48,0,0,0
"SALPUR_158",4,18,0,3,22.4,70.4,49.7,44.9,50.3,50.3,0.0353,NA,NA,0,1,"SALPUR",14,48,48.8,0,0,0
"SORAME_14",48,59,0,1,46,50.6,27.3,26.3,28.9,28,0.0104,0.17,0.209,0,0,"SORAME",11,4.6,27.625,2,0,1
"SORAME_24",45,59,1,1,65.4,63.9,21.6,19.5,24.6,21.8,0.0049,0.151,0.193,0,0,"SORAME",14,-1.50000000000001,21.875,2,0,1
"SORAME_44",31,45,1,1,49.8,53.5,33.1,20.7,18.9,22.7,0.0067,0.161,0.156,0,0,"SORAME",14,3.7,23.85,0,0,0
"SORAME_54",29,48,0,1,48.8,55.5,27.5,18.4,15.1,32.2,0.0062,0.184,0.193,0,0,"SORAME",19,6.7,23.3,0,0,0
"SORAME_64",53,69,1,1,48.6,52.7,26.2,27.9,26.7,20.9,NA,0.128,0.162,0,0,"SORAME",16,4.1,25.425,2,0,1
"SORAME_74",31,48,0,1,54.6,58.9,24.9,24.1,26.9,28,0.0087,0.21,0.159,0,0,"SORAME",17,4.3,25.975,0,0,0
"SORAME_84",31,48,1,1,38.6,40.9,20.1,12.1,11.4,24.2,0,0.141,0.159,0,0,"SORAME",17,2.3,16.95,0,0,0
"SORAME_94",29,45,0,1,44.8,50.5,23.5,21.8,23.2,29.3,0.0073,0.137,0.158,0,0,"SORAME",16,5.7,24.45,0,0,0
"SORAME_104",45,59,1,1,39.4,42.2,21.7,22.8,22.3,27.1,0.0064,0.145,0.154,0,0,"SORAME",14,2.8,23.475,2,0,1
"SORAME_114",41,50,0,1,40.4,43.8,19.5,25.2,25.6,21.5,0.0059,0.146,0.135,0,0,"SORAME",9,3.4,22.95,0,0,0
"SORAME_124",41,69,1,1,56.6,61.4,29.9,27.8,16.4,28.5,NA,0.177,0.152,0,0,"SORAME",28,4.8,25.65,2,0,1
"SORAME_134",29,48,0,1,55.4,61.9,24.8,27.6,29.9,31.2,0.0111,0.159,0.166,0,0,"SORAME",19,6.5,28.375,0,0,0
"SORAME_144",24,50,1,1,43.4,45.5,35.9,34.5,26.5,28.4,0.0142,0.151,0.153,0,0,"SORAME",26,2.1,31.325,0,0,0
"SORAME_154",36,48,0,1,59.2,72.6,22.9,20.9,21,17.8,0.0038,0.147,0.161,0,0,"SORAME",12,13.4,20.65,0,0,0
"SORAME_164",31,48,1,1,58.4,67.2,23.7,20.3,20.3,25.2,0.0054,0.153,0.153,0,0,"SORAME",17,8.8,22.375,0,0,0
"SORAME_16",35,49,0,2,57.6,66.5,24.2,23.7,22.5,23.1,0.0063,0.114,0.184,1,0,"SORAME",14,8.9,23.375,2,0,1
"SORAME_26",40,53,1,2,50.9,56.6,21.6,9.5,21.2,18.7,NA,0.105,0.125,1,0,"SORAME",13,5.7,17.75,2,0,1
"SORAME_36",32,43,0,2,50.4,55.2,21.9,21.3,20.8,22.2,0.0046,0.118,0.111,1,0,"SORAME",11,4.8,21.55,2,0,1
"SORAME_46",32,46,1,2,45.4,51.6,27.2,25.5,23.6,25.1,0.0046,0.109,0.115,1,0,"SORAME",14,6.2,25.35,2,0,1
"SORAME_56",43,53,0,2,50.6,62.1,22.1,21.3,21.7,14.3,0,0.111,0.119,1,0,"SORAME",10,11.5,19.85,2,0,1
"SORAME_66",46,56,1,2,58.3,53.6,24.3,21.8,25,20.8,NA,0.108,0.098,1,0,"SORAME",10,-4.7,22.975,0,0,0
"SORAME_76",37,49,0,2,58.3,65.4,22.6,21.7,20.5,20.6,0.0044,0.119,0.126,1,0,"SORAME",12,7.10000000000001,21.35,2,0,1
"SORAME_86",37,51,1,2,50.4,52.3,19.6,23,24.4,24.3,0.0058,0.133,0.12,1,0,"SORAME",14,1.9,22.825,2,0,1
"SORAME_96",35,43,0,2,43.7,46.4,24.2,22.7,25,25,0.0071,0.117,0.131,1,0,"SORAME",8,2.7,24.225,2,0,1
"SORAME_106",28,43,1,2,44.8,49.4,23.6,24.4,25.5,24,0.0072,0.117,0.121,1,0,"SORAME",15,4.6,24.375,2,0,1
"SORAME_116",37,49,0,2,57.2,64.8,22.3,20.1,20.9,18.9,0.0037,0.127,0.17,1,0,"SORAME",12,7.59999999999999,20.55,2,0,1
"SORAME_126",43,53,1,2,44.1,49.9,32.6,33.2,31.8,33.7,NA,0.122,0.145,1,0,"SORAME",10,5.8,32.825,2,0,1
"SORAME_136",40,49,0,2,51.1,58.7,23.2,21,21.4,22.8,0.0051,NA,NA,1,0,"SORAME",9,7.6,22.1,2,0,1
"SORAME_146",35,49,1,2,58.5,63.4,23.6,22.6,22.6,26.7,0.0067,NA,NA,1,0,"SORAME",14,4.9,23.875,2,0,1
"SORAME_156",23,40,0,2,52.6,59.6,25.4,31.4,36.4,20.4,0.0111,NA,NA,1,0,"SORAME",17,7,28.4,0,0,0
"SORAME_166",35,51,1,2,44.1,57.9,24.1,30,29.3,27,0.0103,NA,NA,1,0,"SORAME",16,13.8,27.6,2,0,1
"SORAME_18",32,44,0,3,47.7,52.4,21.1,21.2,26.9,24.6,NA,NA,NA,0,1,"SORAME",12,4.7,23.45,1,1,0
"SORAME_28",42,53,1,3,45.2,NA,NA,NA,NA,NA,NA,NA,NA,0,1,"SORAME",11,NA,NA,1,1,0
"SORAME_38",35,49,0,3,57.7,64.9,26.7,25.6,24.1,20.1,NA,NA,NA,0,1,"SORAME",14,7.2,24.125,1,1,0
"SORAME_48",29,42,1,3,46.8,50.6,19.7,20.1,21.6,22.9,NA,NA,NA,0,1,"SORAME",13,3.8,21.075,2,0,1
"SORAME_58",35,46,0,3,39.9,42.7,26.4,20.7,21.2,21.2,NA,NA,NA,0,1,"SORAME",11,2.8,22.375,1,1,0
"SORAME_68",26,49,1,3,54.1,61.2,21.9,14.1,14.5,21.1,NA,NA,NA,0,1,"SORAME",23,7.1,17.9,2,0,1
"SORAME_78",26,39,0,3,45.2,48.7,18,21.5,22.1,19.2,NA,NA,NA,0,1,"SORAME",13,3.5,20.2,2,0,1
"SORAME_88",35,49,1,3,49,61.5,26.7,25.7,22,22.5,NA,NA,NA,0,1,"SORAME",14,12.5,24.225,1,1,0
"SORAME_98",29,44,0,3,58.5,55.4,22.6,25,23.5,20,NA,NA,NA,0,1,"SORAME",15,-3.1,22.775,2,0,1
"SORAME_108",42,53,1,3,61.5,NA,NA,NA,NA,NA,NA,NA,NA,0,1,"SORAME",11,NA,NA,1,1,0
"SORAME_118",32,42,0,3,40.5,46.8,21.2,16.9,22.2,19.1,NA,NA,NA,0,1,"SORAME",10,6.3,19.85,1,1,0
"SORAME_128",32,46,1,3,47.6,52.7,23.6,20.6,19.8,18.7,NA,NA,NA,0,1,"SORAME",14,5.1,20.675,1,1,0
"SORAME_138",35,46,0,3,45,59.4,21.8,21.3,24,21.7,NA,NA,NA,0,1,"SORAME",11,14.4,22.2,1,1,0
"SORAME_148",35,44,1,3,48.4,52.4,15,19.1,16.9,22.4,NA,NA,NA,0,1,"SORAME",9,4,18.35,1,1,0
"SORAME_158",29,42,0,3,42.9,48,25.7,27.4,24,22.8,NA,NA,NA,0,1,"SORAME",13,5.1,24.975,2,0,1
"SORAME_168",29,44,1,3,48.9,59.2,23.9,23.6,19.9,21.9,NA,NA,NA,0,1,"SORAME",15,10.3,22.325,2,0,1
"VIBDEN_14",36,59,0,1,21.1,23.2,29.9,29.8,36.3,32.2,0.0149,0.187,0.289,0,0,"VIBDEN",23,2.1,32.05,2,0,1
"VIBDEN_24",31,50,1,1,25,25.3,32.8,34,32.6,28.7,0.0149,0.203,0.145,0,0,"VIBDEN",19,0.300000000000001,32.025,0,0,0
"VIBDEN_34",48,59,0,1,33.6,33.4,37.8,32.3,33.8,39.6,0.0192,0.191,0.286,0,0,"VIBDEN",11,-0.200000000000003,35.875,2,0,1
"VIBDEN_44",36,59,1,1,29.5,30.8,28.9,29.7,41.5,38.3,0.0177,0.186,0.22,0,0,"VIBDEN",23,1.3,34.6,2,0,1
"VIBDEN_54",29,45,0,1,19.5,19.9,20.1,21.9,20.2,21.1,0.004,0.188,0.158,0,0,"VIBDEN",16,0.399999999999999,20.825,0,0,0
"VIBDEN_64",43,69,1,1,NA,30.6,21.9,22,26.2,21.8,NA,0.186,0.245,0,0,"VIBDEN",26,NA,22.975,2,0,1
"VIBDEN_74",43,59,0,1,32.2,32.2,23.2,25,14.4,22.5,0.0044,0.252,0.192,0,0,"VIBDEN",16,0,21.275,2,0,1
"VIBDEN_94",34,53,0,1,33.6,34.2,25.3,24.9,25.1,22.4,0.0073,0.253,0.298,0,0,"VIBDEN",19,0.600000000000001,24.425,0,0,0
"VIBDEN_104",34,53,1,1,26.8,27.4,26.1,24.3,20.1,23.2,0.0063,0.164,0.207,0,0,"VIBDEN",19,0.599999999999998,23.425,0,0,0
"VIBDEN_114",38,69,0,1,22.2,16.8,22.5,17.8,20.9,19.3,NA,0.209,0.249,0,0,"VIBDEN",31,-5.4,20.125,2,0,1
"VIBDEN_124",29,69,1,1,18,21.3,23.4,21.2,27.6,20.9,NA,0.176,0.169,0,0,"VIBDEN",40,3.3,23.275,2,0,1
"VIBDEN_134",53,69,0,1,27.6,28.2,21.5,22.8,26.5,26.1,NA,0.214,0.165,0,0,"VIBDEN",16,0.599999999999998,24.225,2,0,1
"VIBDEN_144",31,59,1,1,24.7,21.6,24.6,28,25.4,25.9,0.0087,0.232,0.239,0,0,"VIBDEN",28,-3.1,25.975,2,0,1
"VIBDEN_154",41,64,0,1,33,33.7,29.4,30.2,27,27.7,0.0113,0.215,0.309,0,0,"VIBDEN",23,0.700000000000003,28.575,2,0,1
"VIBDEN_164",56,76,1,1,24.2,24,25.5,26.8,NA,NA,NA,0.155,0.194,0,0,"VIBDEN",20,-0.199999999999999,NA,2,0,1
"VIBDEN_16",21,35,0,2,25.6,31.8,30.2,31,28.8,31.1,0.0131,0.121,0.121,1,0,"VIBDEN",14,6.2,30.275,0,0,0
"VIBDEN_26",30,46,1,2,27.9,28.6,30.9,27,28.7,30.4,0.012,0.13,0.189,1,0,"VIBDEN",16,0.700000000000003,29.25,2,0,1
"VIBDEN_36",35,46,0,2,28.4,29.2,26.7,24.3,27.8,26.3,0.009,0.118,0.133,1,0,"VIBDEN",11,0.800000000000001,26.275,2,0,1
"VIBDEN_46",30,46,1,2,34.8,34.3,18.6,30.1,23.5,29.7,0.0083,0.118,0.122,1,0,"VIBDEN",16,-0.5,25.475,2,0,1
"VIBDEN_56",23,40,0,2,35.1,35.3,26.6,31.1,26.4,35.1,0.0126,0.136,0.137,1,0,"VIBDEN",17,0.199999999999996,29.8,0,0,0
"VIBDEN_66",30,49,1,2,26.4,26.4,26.1,27.4,25.2,24,0.0084,0.139,0.133,1,0,"VIBDEN",19,0,25.675,2,0,1
"VIBDEN_76",25,43,0,2,22.7,22.1,22,20.2,20.6,21.9,0.0043,0.112,0.117,1,0,"VIBDEN",18,-0.599999999999998,21.175,2,0,1
"VIBDEN_86",40,56,1,2,27,27.3,29.8,32.6,26.2,18.7,NA,0.108,0.117,1,0,"VIBDEN",16,0.300000000000001,26.825,2,0,1
"VIBDEN_96",28,43,0,2,20.4,26.3,30,30.3,25.6,24.6,0.0104,0.155,0.13,1,0,"VIBDEN",15,5.9,27.625,2,0,1
"VIBDEN_106",21,43,1,2,25.9,21,28.4,30.2,27.3,28.5,0.0113,0.159,0.124,1,0,"VIBDEN",22,-4.9,28.6,2,0,1
"VIBDEN_116",35,56,0,2,34.3,35.1,26,23.2,26.5,23,NA,0.194,0.18,1,0,"VIBDEN",21,0.800000000000004,24.675,2,0,1
"VIBDEN_126",32,46,1,2,32.7,33.8,26,25.5,29,26.6,0.0095,0.138,0.126,1,0,"VIBDEN",14,1.09999999999999,26.775,2,0,1
"VIBDEN_136",40,51,0,2,22.5,23.4,23.1,28.4,24,28.6,0.0088,0.162,0.117,1,0,"VIBDEN",11,0.899999999999999,26.025,2,0,1
"VIBDEN_146",32,46,1,2,31.6,30.6,22.6,20.6,24.3,22.4,0.0055,0.127,0.151,1,0,"VIBDEN",14,-1,22.475,2,0,1
"VIBDEN_156",25,43,0,2,25,24.8,27.3,27,29.8,25.6,0.0102,0.149,0.126,1,0,"VIBDEN",18,-0.199999999999999,27.425,2,0,1
"VIBDEN_166",35,56,1,2,30.7,31,24.7,22.5,25.8,17.9,NA,0.149,0.163,1,0,"VIBDEN",21,0.300000000000001,22.725,2,0,1
"VIBDEN_18",16,29,0,3,20.3,21.4,29.2,23.2,25.5,25.4,0.0086,NA,NA,0,1,"VIBDEN",13,1.1,25.825,2,0,1
"VIBDEN_28",16,32,1,3,23.6,26.8,34.4,32.4,36.2,33,0.0171,NA,NA,0,1,"VIBDEN",16,3.2,34,2,0,1
"VIBDEN_38",21,37,0,3,32.4,33.7,30.8,28.3,23,28.6,0.0104,NA,NA,0,1,"VIBDEN",16,1.3,27.675,2,0,1
"VIBDEN_48",25,46,1,3,29.4,29.1,31.3,30.5,18.5,18.8,NA,NA,NA,0,1,"VIBDEN",21,-0.299999999999997,24.775,2,0,1
"VIBDEN_58",21,32,0,3,26.4,30.6,27.9,23.6,25.4,26.6,0.0086,NA,NA,0,1,"VIBDEN",11,4.2,25.875,2,0,1
"VIBDEN_68",18,44,1,3,32.4,32.3,24.9,17.4,23.2,19.6,NA,NA,NA,0,1,"VIBDEN",26,-0.100000000000001,21.275,2,0,1
"VIBDEN_78",21,35,0,3,35.4,35.5,20.1,22.5,24.9,28.5,0.0069,NA,NA,0,1,"VIBDEN",14,0.100000000000001,24,2,0,1
"VIBDEN_88",23,39,1,3,35.4,24.1,15.4,14.9,18.4,14.8,NA,NA,NA,0,1,"VIBDEN",16,-11.3,15.875,2,0,1
"VIBDEN_98",29,42,0,3,23,27.3,19.7,20.8,27.4,21.5,NA,NA,NA,0,1,"VIBDEN",13,4.3,22.35,2,0,1
"VIBDEN_108",26,42,1,3,28.3,21.4,20.7,26,19.9,19.2,NA,NA,NA,0,1,"VIBDEN",16,-6.9,21.45,2,0,1
"VIBDEN_118",16,32,0,3,23.4,23.9,21.1,17.7,20.1,17,0,NA,NA,0,1,"VIBDEN",16,0.5,18.975,2,0,1
"VIBDEN_128",26,37,1,3,25.4,25.9,20.8,20.7,28.3,25.3,0.0066,NA,NA,0,1,"VIBDEN",11,0.5,23.775,2,0,1
"VIBDEN_138",16,32,0,3,27.9,29.6,21.1,25.3,28.7,18.8,0.0064,NA,NA,0,1,"VIBDEN",16,1.7,23.475,2,0,1
"VIBDEN_148",16,32,1,3,30,30,24.2,26.8,27.7,22.3,0.008,NA,NA,0,1,"VIBDEN",16,0,25.25,2,0,1
"VIBDEN_158",29,44,0,3,34.8,34.7,33.3,23.2,26.6,24.9,NA,NA,NA,0,1,"VIBDEN",15,-0.0999999999999943,27,2,0,1
"VIBDEN_168",23,42,1,3,29.1,30.5,24.4,25.7,26,24.4,NA,NA,NA,0,1,"VIBDEN",19,1.4,25.125,2,0,1
