"id","budburst","leafout","tx","chill","lo.ht","thick1","thick2","tough1","tough2","budset","shoots","roots","ht.final","mg.cm2","phenol","chlavg","ht.diff","meristem","ht.prebudset","chill1","chill2","species","dvr","tough","thick","tough.date","tough.age","reltough","ht.late","ht.date.new","bset","budsetdoy","gslength","rgr_prebudset","rgr_final","folin"
"ACESAC_14",38,48,0,1,29.6,0.095,0.132,0.32,0.34,2019-11-01,25.655,34.94,99,0.0084,"-0.14","25.675",3.6,0,78.4,0,0,"ACESAC",10,0.33,0.1135,176,146.4,2.25409836065574,48.8,176,305,305,275.4,38.125,25.199709513435,0.00529690117423609
"ACESAC_24",50,62,1,1,22.6,0.101,0.103,0.28,0.17,2019-10-17,14.93112,14.6,64.3,0.0123,"-0.05","29.575",2.6,1,58.6,0,0,"ACESAC",12,0.225,0.102,176,153.4,1.46675358539765,36,176,290,290,267.4,31.5789473684211,15.5946148092745,0.000405949028127051
"ACESAC_34",36,48,0,1,30.1,0.082,0.094,0.31,0.45,2019-11-15,NA,NA,NA,0.0098,"-0.26","27.075",3.4,1,53.4,0,0,"ACESAC",12,0.38,0.088,176,145.9,2.6045236463331,23.3,176,319,319,288.9,18.203125,NA,0.0118181707023815
"ACESAC_44",48,59,1,1,22.2,0.088,0.118,0.41,0.24,2019-11-01,19.458,28.69,79.1,0.0118,"-0.23","29.075",0.9,0,66.8,0,0,"ACESAC",11,0.325,0.103,176,153.8,2.11313394018205,44.6,176,305,305,282.8,38.1196581196581,20.1202263083451,0.0101878533203451
"ACESAC_54",45,53,0,1,16.4,0.121,0.125,0.37,0.41,2019-09-10,0.7902,2.623,17.9,0.0147,"-0.26","31.85",1,NA,16.9,0,0,"ACESAC",8,0.39,0.123,176,159.6,2.44360902255639,0.5,176,253,253,236.6,0.40650406504065,0.633981403212172,0.0118181707023815
"ACESAC_64",53,69,1,1,22.1,0.097,0.105,0.4,0.22,2019-10-29,24.811,48.509,85,0.0056,"-0.02","22.675",1.1,1,61.6,0,0,"ACESAC",16,0.31,0.101,176,153.9,2.01429499675114,39.5,176,302,302,279.9,36.9158878504673,22.4723115398357,-0.0012243683539093
"ACESAC_74",53,69,0,1,22.5,0.11,0.133,0.35,0.34,2019-11-19,NA,NA,NA,0.0081,"-0.06","25.3",1.3,0,66.7,0,0,"ACESAC",16,0.345,0.1215,176,153.5,2.24755700325733,44.2,176,323,323,300.5,41.3084112149533,NA,0.0009493881554725
"ACESAC_84",38,56,1,1,31.1,0.109,0.119,0.21,0.28,2019-11-15,NA,NA,50.8,0.0061,"-0.33","23.175",3,1,29.5,0,0,"ACESAC",18,0.245,0.114,176,144.9,1.69082125603865,-1.6,176,319,319,287.9,-1.33333333333333,6.84265369920111,0.0156222445937996
"ACESAC_94",36,53,0,1,30,0.099,0.129,0.42,0.46,2019-11-26,NA,NA,NA,0,"0.01","15.35",1.3,0,52.5,0,0,"ACESAC",17,0.44,0.114,176,146,3.01369863013699,22.5,176,330,330,300,18.2926829268293,NA,-0.00285468573594565
"ACESAC_104",41,59,1,1,25.2,0.101,0.109,0.29,0.28,2019-11-19,NA,NA,NA,0.0117,"-0.26","29",0.2,1,48.9,0,0,"ACESAC",18,0.285,0.105,176,150.8,1.88992042440318,23.7,176,323,323,297.8,20.2564102564103,NA,0.0118181707023815
"ACESAC_114",59,73,0,1,22.6,0.091,0.096,0.39,0.33,2019-07-30,0.38614,0.21304,NA,0.0111,"-0.13","28.4",0.5,NA,22.1,0,0,"ACESAC",14,0.36,0.0935,176,153.4,2.34680573663625,-0.5,176,211,211,188.4,-0.485436893203883,NA,0.00475346204689064
"ACESAC_124",36,53,1,1,27.6,0.096,0.118,0.36,NA,2019-11-15,NA,NA,100.3,0.004,"-0.19","20.825",3.1,0,25.9,0,0,"ACESAC",17,0.36,0.107,176,148.4,2.42587601078167,-1.7,176,319,319,291.4,-1.38211382113821,24.9485243651338,0.00801409681096334
"ACESAC_134",43,53,0,1,22.1,0.122,0.143,0.25,NA,2019-11-15,NA,NA,NA,0.0046,"-0.18","21.5",1.3,0,20.3,0,0,"ACESAC",10,0.25,0.1325,176,153.9,1.62443144899285,-1.8,176,319,319,296.9,-1.46341463414634,NA,0.00747065768361789
"ACESAC_144",38,50,1,1,33.3,0.1,0.083,0.14,0.35,2019-11-19,NA,NA,NA,0.0051,"-0.07","22.125",1.2,0,31,0,0,"ACESAC",12,0.245,0.0915,176,142.7,1.71688857743518,-2.3,176,323,323,289.7,-1.82539682539682,NA,0.00149282728281795
"ACESAC_154",41,56,0,1,20.2,0.112,0.09,0.27,NA,2019-11-19,NA,NA,NA,0.0056,"-0.02","22.6",1.1,0,53.4,0,0,"ACESAC",15,0.27,0.101,176,155.8,1.73299101412067,33.2,176,323,323,302.8,27.6666666666667,NA,-0.0012243683539093
"ACESAC_164",41,59,1,1,36.3,0.098,0.097,0.27,0.28,2019-11-19,NA,NA,NA,0,"-0.06","19.475",0.5,0,25.1,0,0,"ACESAC",18,0.275,0.0975,176,139.7,1.96850393700787,-11.2,176,323,323,286.7,-9.57264957264957,NA,0.0009493881554725
"ACESAC_16",40,56,0,2,22.1,0.09,0.082,0.3,0.52,NA,NA,NA,NA,0.0127,"","29.925",3.7,0,66.3,1,0,"ACESAC",16,0.41,0.086,177,154.9,2.6468689477082,44.2,177,NA,NA,NA,36.5289256198347,NA,NA
"ACESAC_26",56,67,1,2,27.9,0.114,0.102,0.37,0.37,NA,NA,NA,NA,0.0059,"","23",2.2,0,65.1,1,0,"ACESAC",11,0.37,0.108,177,149.1,2.48155600268276,37.2,177,NA,NA,NA,33.8181818181818,NA,NA
"ACESAC_36",35,46,0,2,34.3,0.106,0.105,0.42,0.44,2019-11-15,NA,NA,NA,0.0091,"","26.4",2,0,80,1,0,"ACESAC",11,0.43,0.1055,177,142.7,3.01331464611072,45.7,177,319,319,284.7,34.8854961832061,NA,NA
"ACESAC_46",40,53,1,2,30.9,0.114,0.107,0.35,0.35,2019-07-30,NA,NA,33.9,0.0074,"","24.625",2.2,NA,33.9,1,0,"ACESAC",13,0.35,0.1105,177,146.1,2.39561943874059,3,177,211,211,180.1,2.41935483870968,1.66574125485841,NA
"ACESAC_56",43,56,0,2,30.9,0.098,0.08,0.38,0.24,2019-11-26,NA,NA,NA,0.0087,"","25.975",2,0,81.8,1,0,"ACESAC",13,0.31,0.089,177,146.1,2.12183436002738,50.9,177,330,330,299.1,42.0661157024793,NA,NA
"ACESAC_66",40,51,1,2,21,0.102,0.105,0.51,0.5,NA,NA,NA,NA,0.0088,"","26.025",3.2,0,59.8,1,0,"ACESAC",11,0.505,0.1035,177,156,3.23717948717949,38.8,177,NA,NA,NA,30.7936507936508,NA,NA
"ACESAC_76",32,49,0,2,17.8,0.107,0.099,0.31,0.33,2019-11-19,NA,NA,NA,0.0128,"","27.74285714",2.3,0,55.2,1,0,"ACESAC",17,0.32,0.103,177,159.2,2.01005025125628,37.4,177,323,323,305.2,29.21875,NA,NA
"ACESAC_86",49,63,1,2,29.5,0.095,0.092,0.16,0.22,NA,NA,NA,NA,0.0119,"","29.15",0.9,0,47.8,1,0,"ACESAC",14,0.19,0.0935,177,147.5,1.28813559322034,18.3,177,NA,NA,NA,16.0526315789474,NA,NA
"ACESAC_96",51,58,0,2,27.4,0.092,0.169,0.32,0.17,NA,NA,NA,NA,0.0075,"","24.725",2.5,0,39.7,1,0,"ACESAC",7,0.245,0.1305,177,149.6,1.63770053475936,12.3,177,NA,NA,NA,10.3361344537815,NA,NA
"ACESAC_106",40,49,1,2,24.7,0.107,0.127,0.14,NA,2019-11-19,NA,NA,NA,0.0037,"","20.45",1.8,0,22.5,1,0,"ACESAC",9,0.14,0.117,177,152.3,0.919238345370978,-2.2,177,323,323,298.3,-1.71875,NA,NA
"ACESAC_116",40,56,0,2,27.7,0.087,0.096,0.45,0.23,NA,NA,NA,NA,0.0109,"","28.175",1,0,60.5,1,0,"ACESAC",16,0.34,0.0915,177,149.3,2.27729403884796,32.8,177,NA,NA,NA,27.1074380165289,NA,NA
"ACESAC_126",43,60,1,2,27.7,0.088,0.086,0.36,0.33,2019-11-26,NA,NA,NA,0.0075,"","24.725",2.2,0,44.8,1,0,"ACESAC",17,0.345,0.087,177,149.3,2.31078365706631,17.1,177,330,330,302.3,14.6153846153846,NA,NA
"ACESAC_136",63,70,0,2,19.1,0.097,0.103,0.15,0.26,NA,NA,NA,NA,0.0054,"","22.45",0.1,0,52.7,1,0,"ACESAC",7,0.205,0.1,177,157.9,1.2982900569981,33.6,177,NA,NA,NA,31.4018691588785,NA,NA
"ACESAC_146",43,56,1,2,35.2,0.096,0.089,0.3,0.28,2019-08-21,NA,NA,32.5,0.0067,"","23.825",1.9,NA,32.1,1,0,"ACESAC",13,0.29,0.0925,177,141.8,2.04513399153738,-3.1,177,233,233,197.8,-2.56198347107438,-1.36501516683519,NA
"ACESAC_156",28,43,0,2,30.2,0.093,0.138,0.37,0.58,NA,NA,NA,NA,0.0042,"","21.05",-0.1,0,65,1,0,"ACESAC",15,0.475,0.1155,177,146.8,3.23569482288828,34.8,177,NA,NA,NA,25.9701492537313,NA,NA
"ACESAC_166",32,46,1,2,21.4,0.084,0.085,0.3,0.22,2019-11-26,NA,NA,NA,0.0039,"","20.7",1.5,0,52.5,1,0,"ACESAC",14,0.26,0.0845,177,155.6,1.67095115681234,31.1,177,330,330,308.6,23.7404580152672,NA,NA
"ACESAC_18",32,44,0,3,23.7,0.098,0.095,0.39,0.6,2019-11-15,NA,NA,72.3,0.0083,"","25.575",0,0,65.6,0,1,"ACESAC",12,0.495,0.0965,163,139.3,3.55348169418521,41.9,142,319,298,274.3,42.7551020408163,17.7178271965002,NA
"ACESAC_28",39,49,1,3,29.4,0.098,0.105,0.46,0.34,2019-11-15,NA,NA,84.2,0.0061,"","23.175",3.6,0,69.8,0,1,"ACESAC",10,0.4,0.1015,163,133.6,2.9940119760479,40.4,142,319,298,268.6,43.4408602150538,20.4020848845867,NA
"ACESAC_38",29,42,0,3,28.8,0.093,0.125,0.4,0.58,2019-11-26,NA,NA,NA,0.0102,"","27.425",2.2,0,72.1,0,1,"ACESAC",13,0.49,0.109,163,134.2,3.65126676602086,43.3,142,330,309,280.2,43.3,NA,NA
"ACESAC_48",35,49,1,3,16.8,0.09,0.118,0.29,0.34,2019-11-15,NA,NA,NA,0.0088,"","26.075",1.9,1,54.8,0,1,"ACESAC",14,0.315,0.104,163,146.2,2.15458276333789,38,142,319,298,281.2,40.8602150537634,NA,NA
"ACESAC_58",49,56,0,3,28.8,0.098,0.129,0.2,0.32,2019-11-26,NA,NA,NA,0.0151,"","32.225",1.8,0,60.9,0,1,"ACESAC",7,0.26,0.1135,163,134.2,1.93740685543964,32.1,142,330,309,280.2,37.3255813953488,NA,NA
"ACESAC_68",29,44,1,3,34.8,0.101,0.105,0.27,0.34,2019-11-19,NA,NA,NA,0.0059,"","22.975",2,0,78.2,0,1,"ACESAC",15,0.305,0.103,163,128.2,2.37909516380655,43.4,142,323,302,267.2,44.2857142857143,NA,NA
"ACESAC_78",44,53,0,3,20.8,0.104,0.109,0.36,0.19,2019-11-15,NA,NA,111,0.0094,"","26.7",-0.1,0,56.9,0,1,"ACESAC",9,0.275,0.1065,163,142.2,1.93389592123769,36.1,142,319,298,277.2,40.561797752809,32.5396825396825,NA
"ACESAC_88",29,44,1,3,23.8,0.108,0.105,0.28,0.21,2019-11-19,NA,NA,NA,0.0073,"","24.45",1,0,66.1,0,1,"ACESAC",15,0.245,0.1065,163,139.2,1.76005747126437,42.3,142,323,302,278.2,43.1632653061224,NA,NA
"ACESAC_98",46,53,0,3,20.1,0.089,0.094,0.22,0.29,2019-11-26,NA,NA,NA,0,"","19.4",1,0,57.9,0,1,"ACESAC",7,0.255,0.0915,163,142.9,1.78446466060182,37.8,142,330,309,288.9,42.4719101123595,NA,NA
"ACESAC_108",35,49,1,3,33.5,0.095,0.094,0.36,0.33,2019-11-01,17.624,47.303,78.7,0.0078,"","25",1.6,0,71.1,0,1,"ACESAC",14,0.345,0.0945,163,129.5,2.66409266409266,37.6,142,305,284,250.5,40.4301075268817,18.0439121756487,NA
"ACESAC_118",32,44,0,3,27,0.1,0.122,0.34,0.44,NA,NA,NA,NA,0.0095,"","26.75",-0.4,0,45.5,0,1,"ACESAC",12,0.39,0.111,163,136,2.86764705882353,18.5,142,NA,NA,NA,18.8775510204082,NA,NA
"ACESAC_128",42,50,1,3,28.8,0.122,0.117,0.36,0.47,NA,NA,NA,NA,0.0065,"","23.65",1.9,0,51.6,0,1,"ACESAC",8,0.415,0.1195,163,134.2,3.09239940387481,22.8,142,NA,NA,NA,24.7826086956522,NA,NA
"ACESAC_138",32,42,0,3,33,0.097,0.099,0.33,0.31,2019-11-19,NA,NA,NA,0.004,"","20.9",2.2,0,75,0,1,"ACESAC",10,0.32,0.098,163,130,2.46153846153846,42,142,323,302,269,42,NA,NA
"ACESAC_148",29,56,1,3,31.1,0.097,0.093,0.43,0.46,2019-11-15,NA,NA,80.6,0.0045,"","21.4",-0.6,1,53.3,0,1,"ACESAC",27,0.445,0.095,163,131.9,3.3737680060652,22.2,142,319,298,266.9,25.8139534883721,18.5462720119895,NA
"ACESAC_158",39,60,0,3,19,0.103,0.093,0.29,0.32,NA,NA,NA,NA,0.0092,"","26.45",0,0,54.3,0,1,"ACESAC",21,0.305,0.098,163,144,2.11805555555556,35.3,142,NA,NA,NA,43.0487804878049,NA,NA
"ACESAC_168",39,53,1,3,24.3,0.09,0.094,0.22,0.31,2019-11-26,NA,NA,NA,0,"","19.75",0,0,49.6,0,1,"ACESAC",14,0.265,0.092,163,138.7,1.91059841384283,25.3,142,330,309,284.7,28.4269662921348,NA,NA
"ALNRUG_14",29,43,0,1,30,0.162,0.119,0.36,0.35,NA,NA,NA,NA,0.0138,"0.01","30.975",7.4,0,93.9,0,0,"ALNRUG",14,0.355,0.1405,176,146,2.43150684931507,63.9,176,NA,NA,NA,48.0451127819549,NA,-0.00285468573594565
"ALNRUG_24",29,50,1,1,31.8,0.186,0.172,0.39,0.35,NA,NA,NA,NA,0.023,"-0.01","39.175",3.5,1,121.8,0,0,"ALNRUG",21,0.37,0.179,176,144.2,2.56588072122053,90,176,NA,NA,NA,71.4285714285714,NA,-0.00176780748125475
"ALNRUG_34",29,48,0,1,20.2,0.095,0.085,0.33,0.31,NA,NA,NA,NA,0.0161,"0.02","33.125",10.7,1,70.6,0,0,"ALNRUG",19,0.32,0.09,176,155.8,2.05391527599486,50.4,176,NA,NA,NA,39.375,NA,-0.00339812486329109
"ALNRUG_44",24,45,1,1,29.4,0.085,0.084,0.53,0.34,2019-11-26,NA,NA,NA,0.0162,"0.07","33.225",6.1,1,84.7,0,0,"ALNRUG",21,0.435,0.0845,176,146.6,2.96725784447476,55.3,176,330,330,300.6,42.2137404580153,NA,-0.00611532050001834
"ALNRUG_54",24,50,0,1,32.6,0.151,0.161,0.41,0.4,NA,NA,NA,NA,0.0162,"0.03","33.225",3.1,0,57.7,0,0,"ALNRUG",26,0.405,0.156,176,143.4,2.82426778242678,25.1,176,NA,NA,NA,19.9206349206349,NA,-0.00394156399063654
"ALNRUG_64",24,50,1,1,32.2,0.193,0.119,0.57,0.41,NA,NA,NA,NA,0.0212,"0.09","37.625",4.1,1,57.1,0,0,"ALNRUG",26,0.49,0.156,176,143.8,3.40751043115438,24.9,176,NA,NA,NA,19.7619047619048,NA,-0.00720219875470924
"ALNRUG_74",22,45,0,1,33.3,0.143,0.218,0.28,0.35,NA,NA,NA,NA,0.034,"-0.12","47.85",2.6,1,46.2,0,0,"ALNRUG",23,0.315,0.1805,176,142.7,2.20742817098809,12.9,176,NA,NA,NA,9.84732824427481,NA,0.0042100229195452
"ALNRUG_84",29,48,1,1,35.2,0.14,0.153,0.38,0.44,2019-11-26,NA,NA,NA,0.0199,"0.05","36.5",14.3,0,102.2,0,0,"ALNRUG",19,0.41,0.1465,176,140.8,2.91193181818182,67,176,330,330,294.8,52.34375,NA,-0.00502844224532744
"ALNRUG_94",27,45,0,1,28.9,0.242,0.168,0.35,0.36,NA,NA,NA,NA,0.0168,"-0.22","33.725",1,0,77.2,0,0,"ALNRUG",18,0.355,0.205,176,147.1,2.41332426920462,48.3,176,NA,NA,NA,36.8702290076336,NA,0.00964441419299969
"ALNRUG_104",41,64,1,1,36.8,0.105,0.118,0.32,0.38,NA,NA,NA,NA,0.0123,"0.05","29.5",-1,1,68.5,0,0,"ALNRUG",23,0.35,0.1115,176,139.2,2.51436781609195,31.7,176,NA,NA,NA,28.3035714285714,NA,-0.00502844224532744
"ALNRUG_114",20,43,0,1,52.4,0.122,0.155,0.38,0.43,NA,NA,NA,NA,0.0261,"0.01","41.275",11.3,0,67.1,0,0,"ALNRUG",23,0.405,0.1385,176,123.6,3.27669902912621,14.7,176,NA,NA,NA,11.0526315789474,NA,-0.00285468573594565
"ALNRUG_124",NA,NA,1,1,NA,NA,NA,NA,NA,NA,NA,NA,NA,NA,"","#DIV/0!",0,NA,NA,0,0,"ALNRUG",NA,NA,NA,176,NA,NA,NA,176,NA,NA,NA,NA,NA,NA
"ALNRUG_134",20,45,0,1,26.2,0.256,0.313,0.68,0.34,NA,NA,NA,NA,0.028,"-0.02","43.225",9.8,0,61.6,0,0,"ALNRUG",25,0.51,0.2845,176,149.8,3.4045393858478,35.4,176,NA,NA,NA,27.0229007633588,NA,-0.0012243683539093
"ALNRUG_144",22,45,1,1,32.2,0.156,0.17,0.4,0.41,NA,NA,NA,NA,0.0246,"0.02","40.5",7.8,1,92.5,0,0,"ALNRUG",23,0.405,0.163,176,143.8,2.81641168289291,60.3,176,NA,NA,NA,46.030534351145,NA,-0.00339812486329109
"ALNRUG_154",22,43,0,1,21.6,0.188,0.169,0.3,0.39,NA,NA,NA,NA,0.0213,"0.05","37.725",11.6,0,81.4,0,0,"ALNRUG",21,0.345,0.1785,176,154.4,2.23445595854922,59.8,176,NA,NA,NA,44.9624060150376,NA,-0.00502844224532744
"ALNRUG_164",14,48,1,1,31.6,0.122,0.14,0.29,0.17,NA,NA,NA,NA,0.0163,"0.06","33.35",2.2,1,80.1,0,0,"ALNRUG",34,0.23,0.131,176,144.4,1.59279778393352,48.5,176,NA,NA,NA,37.890625,NA,-0.00557188137267289
"ALNRUG_16",35,56,0,2,46.5,0.158,0.182,0.33,0.39,NA,NA,NA,NA,NA,"","40.25",12.7,0,79.3,1,0,"ALNRUG",21,0.36,0.17,177,130.5,2.75862068965517,32.8,177,NA,NA,NA,27.1074380165289,NA,NA
"ALNRUG_26",23,53,1,2,17.1,0.141,0.14,0.3,0.26,NA,NA,NA,NA,NA,"","28.3",7.5,0,35.9,1,0,"ALNRUG",30,0.28,0.1405,177,159.9,1.75109443402126,18.8,177,NA,NA,NA,15.1612903225806,NA,NA
"ALNRUG_36",21,40,0,2,36.4,0.241,0.205,0.36,0.17,NA,NA,NA,NA,0.0218,"","38.125",5.3,1,72.1,1,0,"ALNRUG",19,0.265,0.223,177,140.6,1.88477951635846,35.7,177,NA,NA,NA,26.0583941605839,NA,NA
"ALNRUG_46",30,46,1,2,28.7,0.158,0.157,0.34,0.3,NA,NA,NA,NA,0.0198,"","36.4",8.7,0,53.9,1,0,"ALNRUG",16,0.32,0.1575,177,148.3,2.1577882670263,25.2,177,NA,NA,NA,19.236641221374,NA,NA
"ALNRUG_56",21,37,0,2,36.6,0.142,0.202,0.35,0.38,NA,NA,NA,NA,0.0206,"","31.7",2.9,0,61.1,1,0,"ALNRUG",16,0.365,0.172,177,140.4,2.5997150997151,24.5,177,NA,NA,NA,17.5,NA,NA
"ALNRUG_66",21,51,1,2,32.2,0.136,0.152,0.29,0.21,NA,NA,NA,NA,0.0199,"","36.5",-1.3,1,48.1,1,0,"ALNRUG",30,0.25,0.144,177,144.8,1.72651933701657,15.9,177,NA,NA,NA,12.6190476190476,NA,NA
"ALNRUG_76",NA,NA,0,2,NA,NA,NA,NA,NA,NA,NA,NA,NA,NA,"","#DIV/0!",0,NA,NA,1,0,"ALNRUG",NA,NA,NA,177,NA,NA,NA,177,NA,NA,NA,NA,NA,NA
"ALNRUG_86",25,43,1,2,25.4,0.133,0.144,0.24,0.25,NA,NA,NA,NA,0.0172,"","34.175",8.4,1,60.5,1,0,"ALNRUG",18,0.245,0.1385,177,151.6,1.61609498680739,35.1,177,NA,NA,NA,26.1940298507463,NA,NA
"ALNRUG_96",21,40,0,2,33.8,0.113,0.165,0.45,0.39,2019-11-26,NA,NA,NA,0.0149,"","32",3.1,0,73.8,1,0,"ALNRUG",19,0.42,0.139,177,143.2,2.93296089385475,40,177,330,330,296.2,29.1970802919708,NA,NA
"ALNRUG_106",40,60,1,2,27,0.127,0.179,0.21,0.37,NA,NA,NA,NA,NA,"","38.025",-0.1,1,23.5,1,0,"ALNRUG",20,0.29,0.153,177,150,1.93333333333333,-3.5,177,NA,NA,NA,-2.99145299145299,NA,NA
"ALNRUG_116",21,40,0,2,27,0.115,0.129,0.26,0.29,NA,NA,NA,NA,0.014,"","31.15",5.4,0,77.3,1,0,"ALNRUG",19,0.275,0.122,177,150,1.83333333333333,50.3,177,NA,NA,NA,36.7153284671533,NA,NA
"ALNRUG_126",28,51,1,2,28.6,0.155,0.152,0.29,0.32,2019-11-26,NA,NA,NA,0.0202,"","36.775",5.7,1,50.2,1,0,"ALNRUG",23,0.305,0.1535,177,148.4,2.05525606469003,21.6,177,330,330,301.4,17.1428571428571,NA,NA
"ALNRUG_136",21,40,0,2,20,0.13,0.26,0.21,0.25,NA,NA,NA,NA,0.0196,"","36.25",8.7,0,62.9,1,0,"ALNRUG",19,0.23,0.195,177,157,1.46496815286624,42.9,177,NA,NA,NA,31.3138686131387,NA,NA
"ALNRUG_146",21,43,1,2,25.4,0.147,0.153,0.35,0.26,2019-11-15,NA,NA,NA,0.0154,"","32.475",3.3,1,62.8,1,0,"ALNRUG",22,0.305,0.15,177,151.6,2.01187335092348,37.4,177,319,319,293.6,27.910447761194,NA,NA
"ALNRUG_156",25,43,0,2,30.4,0.13,0.145,0.26,0.25,NA,NA,NA,NA,0.019,"","35.7",8.7,0,62.6,1,0,"ALNRUG",18,0.255,0.1375,177,146.6,1.73942701227831,32.2,177,NA,NA,NA,24.0298507462687,NA,NA
"ALNRUG_166",21,43,1,2,25.5,0.127,0.156,0.31,0.27,NA,NA,NA,NA,0.02,"","36.625",16.5,0,71.2,1,0,"ALNRUG",22,0.29,0.1415,177,151.5,1.91419141914191,45.7,177,NA,NA,NA,34.1044776119403,NA,NA
"ALNRUG_18",46,NA,0,3,NA,NA,NA,NA,NA,NA,NA,NA,NA,NA,"","#DIV/0!",0,NA,NA,0,1,"ALNRUG",NA,NA,NA,163,NA,NA,NA,142,NA,NA,NA,NA,NA,NA
"ALNRUG_28",21,39,1,3,29,0.135,0.136,0.29,0.33,NA,NA,NA,NA,0.0202,"","36.825",1.2,0,51.5,0,1,"ALNRUG",18,0.31,0.1355,163,134,2.3134328358209,22.5,142,NA,NA,NA,21.8446601941748,NA,NA
"ALNRUG_38",16,32,0,3,25.4,0.123,0.137,0.22,0.29,NA,NA,NA,NA,0.0205,"","37.075",15,0,67.9,0,1,"ALNRUG",16,0.255,0.13,163,137.6,1.8531976744186,42.5,142,NA,NA,NA,38.6363636363636,NA,NA
"ALNRUG_48",16,53,1,3,22,0.142,0.127,0.22,0.26,NA,NA,NA,NA,0.0202,"","42.375",8.4,0,64.8,0,1,"ALNRUG",37,0.24,0.1345,163,141,1.70212765957447,42.8,142,NA,NA,NA,48.0898876404494,NA,NA
"ALNRUG_58",18,32,0,3,35.4,0.135,0.14,0.31,0.28,NA,NA,NA,NA,0.021,"","37.475",9.9,0,66.4,0,1,"ALNRUG",14,0.295,0.1375,163,127.6,2.31191222570533,31,142,NA,NA,NA,28.1818181818182,NA,NA
"ALNRUG_68",NA,NA,1,3,NA,NA,NA,NA,NA,NA,NA,NA,NA,NA,"","#DIV/0!",0,NA,NA,0,1,"ALNRUG",NA,NA,NA,163,NA,NA,NA,142,NA,NA,NA,NA,NA,NA
"ALNRUG_78",NA,NA,0,3,NA,NA,NA,NA,NA,NA,NA,NA,NA,NA,"","#DIV/0!",0,NA,NA,0,1,"ALNRUG",NA,NA,NA,163,NA,NA,NA,142,NA,NA,NA,NA,NA,NA
"ALNRUG_88",23,37,1,3,31.3,0.121,0.126,0.37,0.28,NA,NA,NA,NA,0.0171,"","34.05",2.3,1,73.2,0,1,"ALNRUG",14,0.325,0.1235,163,131.7,2.46772968868641,41.9,142,NA,NA,NA,39.9047619047619,NA,NA
"ALNRUG_98",18,35,0,3,29.1,0.146,0.155,0.3,0.37,NA,NA,NA,NA,0.0215,"","37.925",7.5,0,51.1,0,1,"ALNRUG",17,0.335,0.1505,163,133.9,2.50186706497386,22,142,NA,NA,NA,20.5607476635514,NA,NA
"ALNRUG_108",21,35,1,3,20.2,0.113,0.134,0.34,0.21,NA,NA,NA,NA,0.0158,"","32.875",18.7,1,73.5,0,1,"ALNRUG",14,0.275,0.1235,163,142.8,1.92577030812325,53.3,142,NA,NA,NA,49.8130841121495,NA,NA
"ALNRUG_118",26,39,0,3,27.3,0.104,0.153,0.35,0.36,NA,NA,NA,NA,0.0201,"","36.725",14.8,0,80.5,0,1,"ALNRUG",13,0.355,0.1285,163,135.7,2.61606484893147,53.2,142,NA,NA,NA,51.6504854368932,NA,NA
"ALNRUG_128",21,42,1,3,25.5,0.136,0.127,0.24,0.3,NA,NA,NA,NA,0.0171,"","34.075",5.3,0,59.8,0,1,"ALNRUG",21,0.27,0.1315,163,137.5,1.96363636363636,34.3,142,NA,NA,NA,34.3,NA,NA
"ALNRUG_138",16,35,0,3,27,0.115,0.138,0.23,0.19,NA,NA,NA,NA,0.0183,"","35.15",1.8,0,90.8,0,1,"ALNRUG",19,0.21,0.1265,163,136,1.54411764705882,63.8,142,NA,NA,NA,59.6261682242991,NA,NA
"ALNRUG_148",18,42,1,3,28.3,0.107,0.124,0.29,0.24,NA,NA,NA,NA,0.0149,"","32.025",13.1,0,78.8,0,1,"ALNRUG",24,0.265,0.1155,163,134.7,1.96733481811433,50.5,142,NA,NA,NA,50.5,NA,NA
"ALNRUG_158",21,39,0,3,33.1,0.124,0.197,0.35,0.28,NA,NA,NA,NA,0.0246,"","40.525",4.8,0,65.1,0,1,"ALNRUG",18,0.315,0.1605,163,129.9,2.42494226327945,32,142,NA,NA,NA,31.0679611650485,NA,NA
"ALNRUG_168",26,42,1,3,23.4,0.161,0.152,0.4,0.4,NA,NA,NA,NA,0.0194,"","36.1",13.4,1,90.2,0,1,"ALNRUG",16,0.4,0.1565,163,139.6,2.86532951289398,66.8,142,NA,NA,NA,66.8,NA,NA
"BETPAP_14",24,43,0,1,40.2,0.169,0.184,0.31,0.3,2019-08-30,2.8668,13.93,42.1,0.0111,"-0.05","28.325",2.2,NA,43.4,0,0,"BETPAP",19,0.305,0.1765,176,135.8,2.2459499263623,3.2,176,242,242,201.8,2.40601503759398,0.941526263627353,0.000405949028127051
"BETPAP_24",13,31,1,1,33.9,0.158,0.208,0.2,0.3,2019-11-04,7.673,18.504,67,0.0067,"-0.02","23.825",2.8,1,36.2,0,0,"BETPAP",18,0.25,0.183,176,142.1,1.75932441942294,2.3,176,308,308,274.1,1.58620689655173,12.0758847136082,-0.0012243683539093
"BETPAP_34",13,27,0,1,34.4,0.159,0.148,0.31,0.3,2019-10-15,13.10369,12.91,62.2,0.0124,"-0.03","29.6",5.3,0,35.3,0,0,"BETPAP",14,0.305,0.1535,176,141.6,2.15395480225989,0.899999999999999,176,288,288,253.6,0.604026845637583,10.9621451104101,-0.000680929226563848
"BETPAP_44",10,34,1,1,32.8,0.158,0.17,0.21,0.21,2019-11-15,NA,NA,70.2,0.0066,"0","23.75",4.2,1,65.4,0,0,"BETPAP",24,0.21,0.164,176,143.2,1.46648044692737,32.6,176,319,319,286.2,22.9577464788732,13.067784765898,-0.0023112466086002
"BETPAP_54",13,27,0,1,36.1,0.182,0.179,0.28,0.29,2019-08-30,3.18601,12.56,48.8,0.0127,"-0.03","29.9",11.5,NA,60.2,0,0,"BETPAP",14,0.285,0.1805,176,139.9,2.03716940671909,24.1,176,242,242,205.9,16.1744966442953,6.16804273919378,-0.000680929226563848
"BETPAP_64",13,43,1,1,39.4,0.169,0.181,0.36,0.32,NA,NA,NA,NA,0.0129,"-0.04","30.125",10.3,1,45.4,0,0,"BETPAP",30,0.34,0.175,176,136.6,2.48901903367496,6,176,NA,NA,NA,4.51127819548872,NA,-0.000137490099218399
"BETPAP_74",13,27,0,1,34.1,0.141,0.211,0.35,0.31,2019-11-04,16.037,24.081,83,0.0138,"-0.08","31.025",9.8,1,57.5,0,0,"BETPAP",14,0.33,0.176,176,141.9,2.32558139534884,23.4,176,308,308,273.9,15.7046979865772,17.8532311062432,0.0020362664101634
"BETPAP_84",13,27,1,1,41.2,0.168,0.196,0.46,0.28,2019-08-30,4.51162,14.5,NA,0.015,"-0.08","32.125",5.7,NA,37.4,0,0,"BETPAP",14,0.37,0.182,176,134.8,2.74480712166172,-3.8,176,242,242,200.8,-2.5503355704698,NA,0.0020362664101634
"BETPAP_94",17,34,0,1,41.4,0.164,0.21,0.43,0.33,NA,NA,NA,NA,0.0101,"-0.12","27.375",7,0,46.9,0,0,"BETPAP",17,0.38,0.187,176,134.6,2.82317979197623,5.5,176,NA,NA,NA,3.87323943661972,NA,0.0042100229195452
"BETPAP_104",14,36,1,1,31.2,0.154,0.169,0.44,0.33,2019-11-26,NA,NA,NA,0.0111,"-0.08","28.325",3.5,1,43.5,0,0,"BETPAP",22,0.385,0.1615,176,144.8,2.65883977900552,12.3,176,330,330,298.8,8.78571428571428,NA,0.0020362664101634
"BETPAP_114",13,27,0,1,35.2,0.156,0.186,0.28,0.3,2019-11-15,NA,NA,NA,0.0125,"-0.04","29.7",6.2,0,47.6,0,0,"BETPAP",14,0.29,0.171,176,140.8,2.05965909090909,12.4,176,319,319,283.8,8.32214765100671,NA,-0.000137490099218399
"BETPAP_124",22,36,1,1,28.1,0.154,0.162,0.32,0.26,2019-10-17,19.4102,33.09,92.8,0.0104,"-0.03","27.65",4.3,0,51,0,0,"BETPAP",14,0.29,0.158,176,147.9,1.96078431372549,22.9,176,290,290,261.9,16.3571428571429,24.7040855288278,-0.000680929226563848
"BETPAP_134",13,31,0,1,30.6,0.17,0.139,0.31,0.31,NA,NA,NA,NA,0.0086,"-0.06","25.8",5.3,1,49.9,0,0,"BETPAP",18,0.31,0.1545,176,145.4,2.13204951856946,19.3,176,NA,NA,NA,13.3103448275862,NA,0.0009493881554725
"BETPAP_144",10,34,1,1,43.9,0.164,0.202,0.24,0.29,2019-10-17,22.6136,29.156,86.3,0.0097,"-0.05","26.925",10.6,0,47.3,0,0,"BETPAP",24,0.265,0.183,176,132.1,2.00605601816805,3.4,176,290,290,246.1,2.3943661971831,17.2287687931735,0.000405949028127051
"BETPAP_154",15,34,0,1,33.2,0.176,0.18,0.18,0.28,NA,NA,NA,NA,0.0063,"-0.11","22.8",4.5,0,59.7,0,0,"BETPAP",19,0.23,0.178,176,142.8,1.61064425770308,26.5,176,NA,NA,NA,18.6619718309859,NA,0.00366658379219975
"BETPAP_164",14,36,1,1,39,0.162,0.158,0.29,0.2,2019-10-22,15.941,21.35,76.2,0.005,"-0.1","21.95",6.7,0,62.1,0,0,"BETPAP",22,0.245,0.16,176,137,1.78832116788321,23.1,176,295,295,256,16.5,14.53125,0.0031231446648543
"BETPAP_16",16,35,0,2,28.4,0.13,0.153,0.31,0.23,NA,NA,NA,NA,0.0126,"","29.8",3.8,0,51.9,1,0,"BETPAP",19,0.27,0.1415,177,148.6,1.81695827725437,23.5,177,NA,NA,NA,16.5492957746479,NA,NA
"BETPAP_26",16,43,1,2,26.2,0.157,0.28,0.16,0.19,2019-11-19,NA,NA,NA,0.0109,"","28.125",12,0,64.7,1,0,"BETPAP",27,0.175,0.2185,177,150.8,1.1604774535809,38.5,177,323,323,296.8,28.7313432835821,NA,NA
"BETPAP_36",14,30,0,2,36.4,0.177,0.18,0.22,0.22,NA,NA,NA,NA,0.0186,"","35.4",5.2,0,42.4,1,0,"BETPAP",16,0.22,0.1785,177,140.6,1.5647226173542,6,177,NA,NA,NA,4.08163265306122,NA,NA
"BETPAP_46",21,43,1,2,38.6,0.18,0.227,0.2,0.27,2019-11-19,NA,NA,NA,0.0106,"","27.825",4,1,41.3,1,0,"BETPAP",22,0.235,0.2035,177,138.4,1.69797687861272,2.7,177,323,323,284.4,2.01492537313433,NA,NA
"BETPAP_56",14,40,0,2,45.2,0.17,0.177,0.31,0.18,2019-08-21,3.18601,12.56,47.3,0.0099,"","27.2",1.6,NA,46,1,0,"BETPAP",26,0.245,0.1735,177,131.8,1.85887708649469,0.799999999999997,177,233,233,187.8,0.583941605839414,1.11821086261981,NA
"BETPAP_66",16,37,1,2,39,0.152,0.165,0.27,0.27,2019-11-04,9.132,11.131,49.3,0.0107,"","28",14.1,0,49.1,1,0,"BETPAP",21,0.27,0.1585,177,138,1.95652173913044,10.1,177,308,308,269,7.21428571428571,3.82899628252788,NA
"BETPAP_76",11,32,0,2,27.8,0.154,0.227,0.41,0.33,2019-11-04,14.225,19.98,82.5,0.0084,"","25.625",4.8,0,55.2,1,0,"BETPAP",21,0.37,0.1905,177,149.2,2.4798927613941,27.4,177,308,308,280.2,18.8965517241379,19.5217701641685,NA
"BETPAP_86",14,35,1,2,29.2,0.15,0.159,0.24,0.27,2019-08-30,3.60172,6.654,36.7,0.0088,"","26.025",8.6,NA,36.1,1,0,"BETPAP",21,0.255,0.1545,177,147.8,1.72530446549391,6.9,177,242,242,212.8,4.85915492957747,3.52443609022557,NA
"BETPAP_96",9,28,0,2,45.8,0.165,0.18,0.36,0.24,2019-11-15,16.91,33.23,57.6,0.0188,"","35.575",11.1,0,57.5,1,0,"BETPAP",19,0.3,0.1725,177,131.2,2.28658536585366,11.7,177,319,319,273.2,7.85234899328859,4.31918008784773,NA
"BETPAP_106",18,43,1,2,47.7,0.144,0.172,0.18,0.28,2019-08-30,4.84042,7.62,NA,0.0136,"","30.775",0,NA,48.2,1,0,"BETPAP",25,0.23,0.158,177,129.3,1.77880897138438,0.5,177,242,242,194.3,0.373134328358209,NA,NA
"BETPAP_116",7,25,0,2,35,0.194,0.21,0.24,0.29,2019-11-15,10.22,24.42,52.1,0.0112,"","28.425",16.2,0,54.3,1,0,"BETPAP",18,0.265,0.202,177,142,1.86619718309859,19.3,177,319,319,284,12.6973684210526,6.02112676056338,NA
"BETPAP_126",14,30,1,2,35,0.148,0.169,0.24,0.23,NA,NA,NA,NA,0.0089,"","26.175",12.4,0,49.7,1,0,"BETPAP",16,0.235,0.1585,177,142,1.65492957746479,14.7,177,NA,NA,NA,10,NA,NA
"BETPAP_136",14,25,0,2,38.7,0.213,0.257,0.16,0.21,NA,NA,NA,NA,0.0208,"","37.275",4.8,0,55.5,1,0,"BETPAP",11,0.185,0.235,177,138.3,1.33767172812726,16.8,177,NA,NA,NA,11.0526315789474,NA,NA
"BETPAP_146",21,40,1,2,40.4,0.151,0.183,0.12,0.15,2019-11-26,NA,NA,NA,0.0136,"","28.45",4.3,0,54.1,1,0,"BETPAP",19,0.135,0.167,177,136.6,0.988286969253295,13.7,177,330,330,289.6,10,NA,NA
"BETPAP_156",14,30,0,2,38.7,0.153,0.17,0.24,0.31,NA,NA,NA,NA,0.0075,"","24.725",15.9,0,55.9,1,0,"BETPAP",16,0.275,0.1615,177,138.3,1.9884309472162,17.2,177,NA,NA,NA,11.7006802721088,NA,NA
"BETPAP_166",14,32,1,2,47.1,0.19,0.194,0.2,0.29,NA,NA,NA,NA,0.0096,"","26.825",-4.5,0,46.9,1,0,"BETPAP",18,0.245,0.192,177,129.9,1.8860662047729,-0.200000000000003,177,NA,NA,NA,-0.137931034482761,NA,NA
"BETPAP_18",14,26,0,3,38.6,0.136,0.133,0.22,0.33,2019-11-26,NA,NA,NA,0.016,"","33.05",7.9,0,63.4,0,1,"BETPAP",12,0.275,0.1345,163,124.4,2.21061093247588,24.8,142,330,309,270.4,21.3793103448276,NA,NA
"BETPAP_28",14,32,1,3,33.5,0.166,0.169,0.28,0.12,2019-11-04,18.901,23.02,82.7,0.0103,"","27.55",5.1,0,63.5,0,1,"BETPAP",18,0.2,0.1675,163,129.5,1.54440154440154,30,142,308,287,253.5,27.2727272727273,19.4082840236686,NA
"BETPAP_38",11,26,0,3,36.2,0.149,0.199,0.33,0.34,NA,NA,NA,NA,0.0164,"","33.425",9.2,0,46.4,0,1,"BETPAP",15,0.335,0.174,163,126.8,2.64195583596215,10.2,142,NA,NA,NA,8.79310344827586,NA,NA
"BETPAP_48",16,37,1,3,40.1,0.18,0.159,0.28,0.31,NA,NA,NA,NA,0.0104,"","27.65",1.4,0,64.9,0,1,"BETPAP",21,0.295,0.1695,163,122.9,2.40032546786005,24.8,142,NA,NA,NA,23.6190476190476,NA,NA
"BETPAP_58",11,26,0,3,45.7,0.151,0.207,0.42,0.33,2019-08-30,NA,9.174,NA,0.0211,"","37.575",16.6,NA,63.5,0,1,"BETPAP",15,0.375,0.179,163,117.3,3.19693094629156,17.8,142,242,221,175.3,15.3448275862069,NA,NA
"BETPAP_68",21,35,1,3,37.2,0.124,0.172,0.16,0.2,NA,NA,NA,NA,0.0078,"","24.95",8.1,1,46.2,0,1,"BETPAP",14,0.18,0.148,163,125.8,1.4308426073132,9,142,NA,NA,NA,8.41121495327103,NA,NA
"BETPAP_78",26,37,0,3,46.6,0.13,0.146,0.14,0.18,2019-11-15,NA,NA,NA,0.0055,"","22.575",5.1,0,60.8,0,1,"BETPAP",11,0.16,0.138,163,116.4,1.37457044673539,14.2,142,319,298,251.4,13.5238095238095,NA,NA
"BETPAP_88",7,29,1,3,33,0.139,0.123,0.29,0.24,NA,NA,NA,NA,0.0072,"","24.35",9.7,1,43.6,0,1,"BETPAP",22,0.265,0.131,163,130,2.03846153846154,10.6,142,NA,NA,NA,9.38053097345133,NA,NA
"BETPAP_98",7,23,0,3,28.4,0.146,0.135,0.35,0.22,2019-10-11,18.65,25.95,104,0.0141,"","31.275",9.3,0,81.1,0,1,"BETPAP",16,0.285,0.1405,163,134.6,2.11738484398217,52.7,142,284,263,234.6,44.2857142857143,32.2250639386189,NA
"BETPAP_108",16,32,1,3,45.6,0.181,0.159,0.19,0.19,2019-08-21,5.62255,11.35,NA,0.0119,"","29.125",8.7,NA,56,0,1,"BETPAP",16,0.19,0.17,163,117.4,1.61839863713799,10.4,142,233,212,166.4,9.45454545454545,NA,NA
"BETPAP_118",16,32,0,3,30.8,0.146,0.12,0.23,0.18,NA,NA,NA,NA,0.012,"","29.225",7.8,1,51.3,0,1,"BETPAP",16,0.205,0.133,163,132.2,1.55068078668684,20.5,142,NA,NA,NA,18.6363636363636,NA,NA
"BETPAP_128",7,26,1,3,36,0.143,0.13,0.22,0.22,NA,NA,NA,NA,0.0114,"","28.7",3.9,1,41.9,0,1,"BETPAP",19,0.22,0.1365,163,127,1.73228346456693,5.9,142,NA,NA,NA,5.08620689655172,NA,NA
"BETPAP_138",14,26,0,3,38.4,0.166,0.147,0.2,0.12,2019-10-15,16.07,23.22,75.3,0.0065,"","23.625",3.9,0,64.9,0,1,"BETPAP",12,0.16,0.1565,163,124.6,1.28410914927769,26.5,142,288,267,228.6,22.8448275862069,16.1417322834646,NA
"BETPAP_148",14,44,1,3,31.4,0.13,0.152,0.21,0.12,2019-11-15,NA,NA,NA,NA,"","27.025",2.4,1,50.6,0,1,"BETPAP",30,0.165,0.141,163,131.6,1.25379939209726,19.2,142,319,298,266.6,19.5918367346939,NA,NA
"BETPAP_158",9,23,0,3,25.8,0.198,0.25,0.15,0.14,2019-11-15,NA,NA,NA,0.0085,"","25.725",17.5,0,57.2,0,1,"BETPAP",14,0.145,0.224,163,137.2,1.05685131195335,31.4,142,319,298,272.2,26.3865546218487,NA,NA
"BETPAP_168",16,32,1,3,39.7,0.167,0.173,0.13,0.18,NA,NA,NA,NA,0.0069,"","24.1",1.9,0,43.7,0,1,"BETPAP",16,0.155,0.17,163,123.3,1.25709651257097,4,142,NA,NA,NA,3.63636363636364,NA,NA
"BETPOP_14",15,34,0,1,56.2,0.147,0.18,0.22,0.3,2019-11-15,NA,NA,NA,0.0111,"-0.03","28.35",5.5,0,79.1,0,0,"BETPOP",19,0.26,0.1635,176,119.8,2.17028380634391,22.9,176,319,319,262.8,16.1267605633803,NA,-0.000680929226563848
"BETPOP_24",22,41,1,1,56.4,0.149,0.154,0.18,0.2,2019-11-26,NA,NA,NA,0.01,"0","27.225",5.1,0,68,0,0,"BETPOP",19,0.19,0.1515,176,119.6,1.58862876254181,11.6,176,330,330,273.6,8.59259259259259,NA,-0.0023112466086002
"BETPOP_34",15,36,0,1,60.5,0.147,0.15,0.34,0.36,2019-11-26,NA,NA,NA,0.0162,"-0.05","33.225",2.1,0,62.6,0,0,"BETPOP",21,0.35,0.1485,176,115.5,3.03030303030303,2.1,176,330,330,269.5,1.5,NA,0.000405949028127051
"BETPOP_44",22,38,1,1,56.5,0.122,0.138,0.33,0.25,NA,NA,NA,NA,0.0179,"0","34.8",9.3,0,64.8,0,0,"BETPOP",16,0.29,0.13,176,119.5,2.42677824267782,8.3,176,NA,NA,NA,6.01449275362319,NA,-0.0023112466086002
"BETPOP_54",22,38,0,1,53.8,0.158,0.154,0.25,0.49,2019-11-19,NA,NA,NA,0.0132,"-0.07","30.375",3.8,0,67.4,0,0,"BETPOP",16,0.37,0.156,176,122.2,3.0278232405892,13.6,176,323,323,269.2,9.85507246376812,NA,0.00149282728281795
"BETPOP_64",20,38,1,1,49.4,0.16,0.155,0.17,0.17,2019-11-26,NA,NA,NA,0.0134,"0.02","30.6",4.9,0,56.2,0,0,"BETPOP",18,0.17,0.1575,176,126.6,1.34281200631912,6.8,176,330,330,280.6,4.92753623188406,NA,-0.00339812486329109
"BETPOP_74",20,31,0,1,39.4,0.12,0.134,0.18,0.31,2019-11-26,NA,NA,NA,0.0105,"-0.01","27.8",7.4,0,68.8,0,0,"BETPOP",11,0.245,0.127,176,136.6,1.79355783308931,29.4,176,330,330,290.6,20.2758620689655,NA,-0.00176780748125475
"BETPOP_84",27,41,1,1,45.1,0.173,0.134,0.19,0.35,NA,NA,NA,NA,0.0093,"0.02","26.575",7.8,0,86.8,0,0,"BETPOP",14,0.27,0.1535,176,130.9,2.06264323911383,41.7,176,NA,NA,NA,30.8888888888889,NA,-0.00339812486329109
"BETPOP_94",17,41,0,1,46.2,0.144,0.157,0.59,0.39,NA,NA,NA,NA,0.0125,"0.06","29.7",7.7,0,75.6,0,0,"BETPOP",24,0.49,0.1505,176,129.8,3.77503852080123,29.4,176,NA,NA,NA,21.7777777777778,NA,-0.00557188137267289
"BETPOP_104",24,41,1,1,44.8,0.156,0.138,0.36,0.3,NA,NA,NA,NA,0.012,"0.01","29.3",8,0,56.7,0,0,"BETPOP",17,0.33,0.147,176,131.2,2.51524390243902,11.9,176,NA,NA,NA,8.81481481481482,NA,-0.00285468573594565
"BETPOP_114",20,38,0,1,55.7,0.137,0.146,0.21,0.39,NA,NA,NA,NA,0.012,"0.08","29.25",3.5,0,77.4,0,0,"BETPOP",18,0.3,0.1415,176,120.3,2.49376558603491,21.7,176,NA,NA,NA,15.7246376811594,NA,-0.00665875962736379
"BETPOP_124",17,38,1,1,37.1,0.175,0.124,0.22,0.28,NA,NA,NA,NA,0.0272,"0.05","42.625",7.9,0,77.6,0,0,"BETPOP",21,0.25,0.1495,176,138.9,1.79985601151908,40.5,176,NA,NA,NA,29.3478260869565,NA,-0.00502844224532744
"BETPOP_134",20,34,0,1,52.8,0.169,0.197,0.36,0.3,NA,NA,NA,NA,0.0145,"0.04","31.65",5.5,0,75.2,0,0,"BETPOP",14,0.33,0.183,176,123.2,2.67857142857143,22.4,176,NA,NA,NA,15.7746478873239,NA,-0.00448500311798199
"BETPOP_144",17,38,1,1,43.8,0.157,0.126,0.36,0.37,NA,NA,NA,NA,0.0219,"0.02","38.25",13,0,65,0,0,"BETPOP",21,0.365,0.1415,176,132.2,2.76096822995461,21.2,176,NA,NA,NA,15.3623188405797,NA,-0.00339812486329109
"BETPOP_154",15,34,0,1,51.7,0.153,0.166,0.34,0.49,NA,NA,NA,NA,0.0141,"-0.03","31.3",11.5,0,77.2,0,0,"BETPOP",19,0.415,0.1595,176,124.3,3.33869670152856,25.5,176,NA,NA,NA,17.9577464788732,NA,-0.000680929226563848
"BETPOP_164",24,41,1,1,47,0.157,0.135,0.32,0.4,2019-11-26,NA,NA,NA,0.0079,"0.05","25.1",6.3,0,56.2,0,0,"BETPOP",17,0.36,0.146,176,129,2.7906976744186,9.2,176,330,330,283,6.81481481481482,NA,-0.00502844224532744
"BETPOP_16",14,32,0,2,50.2,0.139,0.229,0.2,0.21,NA,NA,NA,NA,0.0171,"","34.025",7,0,91.2,1,0,"BETPOP",18,0.205,0.184,177,126.8,1.61671924290221,41,177,NA,NA,NA,28.2758620689655,NA,NA
"BETPOP_26",23,37,1,2,48.8,0.165,0.132,0.26,0.23,NA,NA,NA,NA,0.0129,"","30.15",5.9,0,86.7,1,0,"BETPOP",14,0.245,0.1485,177,128.2,1.91107644305772,37.9,177,NA,NA,NA,27.0714285714286,NA,NA
"BETPOP_36",16,32,0,2,36,0.151,0.16,0.28,0.36,NA,NA,NA,NA,0.0137,"","30.925",21.1,1,45.6,1,0,"BETPOP",16,0.32,0.1555,177,141,2.26950354609929,9.6,177,NA,NA,NA,6.62068965517242,NA,NA
"BETPOP_46",18,40,1,2,51.4,0.169,0.149,0.5,0.38,NA,NA,NA,NA,0.0122,"","29.45",4.3,1,77.4,1,0,"BETPOP",22,0.44,0.159,177,125.6,3.5031847133758,26,177,NA,NA,NA,18.978102189781,NA,NA
"BETPOP_56",14,30,0,2,36.2,0.157,0.149,0.28,0.32,NA,NA,NA,NA,0.0106,"","27.9",17.5,0,82.4,1,0,"BETPOP",16,0.3,0.153,177,140.8,2.13068181818182,46.2,177,NA,NA,NA,31.4285714285714,NA,NA
"BETPOP_66",23,37,1,2,54.8,0.131,0.161,0.2,0.27,2019-11-26,NA,NA,NA,0.0091,"","26.4",4.4,1,83.7,1,0,"BETPOP",14,0.235,0.146,177,122.2,1.92307692307692,28.9,177,330,330,275.2,20.6428571428571,NA,NA
"BETPOP_76",18,35,0,2,59.1,0.141,0.188,0.2,0.26,NA,NA,NA,NA,0.0098,"","27.075",3.4,0,69.5,1,0,"BETPOP",17,0.23,0.1645,177,117.9,1.95080576759966,10.4,177,NA,NA,NA,7.32394366197183,NA,NA
"BETPOP_86",14,32,1,2,46,0.135,0.145,0.25,0.17,NA,NA,NA,NA,0.0064,"","23.525",3.5,0,69.3,1,0,"BETPOP",18,0.21,0.14,177,131,1.6030534351145,23.3,177,NA,NA,NA,16.0689655172414,NA,NA
"BETPOP_96",18,32,0,2,51.3,0.153,0.181,0.36,0.37,NA,NA,NA,NA,0.0181,"","34.925",5.4,0,82.4,1,0,"BETPOP",14,0.365,0.167,177,125.7,2.90373906125696,31.1,177,NA,NA,NA,21.448275862069,NA,NA
"BETPOP_106",16,32,1,2,34.2,0.134,0.143,0.28,0.21,NA,NA,NA,NA,0.0104,"","27.675",7.6,1,64.9,1,0,"BETPOP",16,0.245,0.1385,177,142.8,1.7156862745098,30.7,177,NA,NA,NA,21.1724137931035,NA,NA
"BETPOP_116",16,32,0,2,43.6,0.145,0.143,0.16,0.18,NA,NA,NA,NA,0.0143,"","31.475",3.3,0,58.9,1,0,"BETPOP",16,0.17,0.144,177,133.4,1.2743628185907,15.3,177,NA,NA,NA,10.551724137931,NA,NA
"BETPOP_126",25,40,1,2,50,0.153,0.12,0.2,0.3,2019-11-26,NA,NA,NA,0.0104,"","27.625",4.8,1,85.2,1,0,"BETPOP",15,0.25,0.1365,177,127,1.96850393700787,35.2,177,330,330,280,25.6934306569343,NA,NA
"BETPOP_136",18,32,0,2,46.2,0.123,0.15,0.2,0.21,2019-11-26,NA,NA,NA,0.0276,"","42.9",11.2,0,78.5,1,0,"BETPOP",14,0.205,0.1365,177,130.8,1.56727828746177,32.3,177,330,330,283.8,22.2758620689655,NA,NA
"BETPOP_146",18,32,1,2,47.4,0.15,0.135,0.17,0.3,NA,NA,NA,NA,0.015,"","32.075",5.9,0,75.2,1,0,"BETPOP",14,0.235,0.1425,177,129.6,1.81327160493827,27.8,177,NA,NA,NA,19.1724137931035,NA,NA
"BETPOP_156",16,32,0,2,56.8,0.154,0.172,0.18,0.25,NA,NA,NA,NA,0.0237,"","39.75",9.9,0,105.7,1,0,"BETPOP",16,0.215,0.163,177,120.2,1.78868552412646,48.9,177,NA,NA,NA,33.7241379310345,NA,NA
"BETPOP_166",25,37,1,2,53.4,0.151,0.169,0.39,0.24,NA,NA,NA,NA,0.0137,"","30.875",5.2,0,84.7,1,0,"BETPOP",12,0.315,0.16,177,123.6,2.54854368932039,31.3,177,NA,NA,NA,22.3571428571429,NA,NA
"BETPOP_18",16,29,0,3,51.8,0.131,0.138,0.16,0.25,NA,NA,NA,NA,0.0114,"","28.625",6.6,0,75.6,0,1,"BETPOP",13,0.205,0.1345,163,111.2,1.84352517985612,23.8,142,NA,NA,NA,21.0619469026549,NA,NA
"BETPOP_28",18,32,1,3,54.1,0.112,0.116,0.18,0.33,NA,NA,NA,NA,0.008,"","25.2",6.1,0,76.5,0,1,"BETPOP",14,0.255,0.114,163,108.9,2.34159779614325,22.4,142,NA,NA,NA,20.3636363636364,NA,NA
"BETPOP_38",21,32,0,3,46.6,0.11,0.133,0.19,0.19,NA,NA,NA,NA,0.0129,"","30.125",3.3,1,66.9,0,1,"BETPOP",11,0.19,0.1215,163,116.4,1.63230240549828,20.3,142,NA,NA,NA,18.4545454545455,NA,NA
"BETPOP_48",21,32,1,3,47.9,0.147,0.11,0.26,0.16,2019-11-19,NA,NA,NA,0.0116,"","28.825",7.5,0,74.5,0,1,"BETPOP",11,0.21,0.1285,163,115.1,1.82450043440487,26.6,142,323,302,254.1,24.1818181818182,NA,NA
"BETPOP_58",16,29,0,3,41.4,0.147,0.125,0.18,0.21,NA,NA,NA,NA,0.0102,"","27.5",4.9,0,58.4,0,1,"BETPOP",13,0.195,0.136,163,121.6,1.60361842105263,17,142,NA,NA,NA,15.0442477876106,NA,NA
"BETPOP_68",18,32,1,3,53.4,0.085,0.118,0.33,0.18,NA,NA,NA,NA,0.0116,"","28.85",3,0,80.6,0,1,"BETPOP",14,0.255,0.1015,163,109.6,2.32664233576642,27.2,142,NA,NA,NA,24.7272727272727,NA,NA
"BETPOP_78",14,26,0,3,51.6,0.126,0.108,0.45,0.38,NA,NA,NA,NA,0.0269,"","42.35",6.7,0,73.5,0,1,"BETPOP",12,0.415,0.117,163,111.4,3.72531418312388,21.9,142,NA,NA,NA,18.8793103448276,NA,NA
"BETPOP_88",14,37,1,3,50.6,0.124,0.096,0.21,0.2,NA,NA,NA,NA,0.0102,"","27.45",5.3,0,81.3,0,1,"BETPOP",23,0.205,0.11,163,112.4,1.82384341637011,30.7,142,NA,NA,NA,29.2380952380952,NA,NA
"BETPOP_98",21,32,0,3,54.7,0.146,0.109,0.29,0.2,NA,NA,NA,NA,0.0095,"","26.8",4.3,0,77.1,0,1,"BETPOP",11,0.245,0.1275,163,108.3,2.26223453370268,22.4,142,NA,NA,NA,20.3636363636364,NA,NA
"BETPOP_108",16,32,1,3,55.2,0.114,0.09,0.25,0.12,NA,NA,NA,NA,0.0141,"","31.3",2.2,0,75.4,0,1,"BETPOP",16,0.185,0.102,163,107.8,1.71614100185529,20.2,142,NA,NA,NA,18.3636363636364,NA,NA
"BETPOP_118",14,26,0,3,49.8,0.079,0.085,0.57,0.34,NA,NA,NA,NA,0.0169,"","33.9",6.2,0,78,0,1,"BETPOP",12,0.455,0.082,163,113.2,4.01943462897527,28.2,142,NA,NA,NA,24.3103448275862,NA,NA
"BETPOP_128",16,29,1,3,51.6,0.092,0.136,0.4,0.2,NA,NA,NA,NA,0.0105,"","27.8",6.1,0,79.8,0,1,"BETPOP",13,0.3,0.114,163,111.4,2.69299820466786,28.2,142,NA,NA,NA,24.9557522123894,NA,NA
"BETPOP_138",21,29,0,3,53.7,0.11,0.137,0.21,0.18,NA,NA,NA,NA,0.0198,"","36.4",15.9,0,103.3,0,1,"BETPOP",8,0.195,0.1235,163,109.3,1.78408051235133,49.6,142,NA,NA,NA,43.8938053097345,NA,NA
"BETPOP_148",16,29,1,3,46.3,0.13,0.133,0.2,0.19,2019-11-19,NA,NA,NA,0.0108,"","28.025",7.8,0,74.3,0,1,"BETPOP",13,0.195,0.1315,163,116.7,1.67095115681234,28,142,323,302,255.7,24.7787610619469,NA,NA
"BETPOP_158",14,26,0,3,49,0.112,0.144,0.2,0.16,NA,NA,NA,NA,0.0168,"","33.8",7.2,0,79.7,0,1,"BETPOP",12,0.18,0.128,163,114,1.57894736842105,30.7,142,NA,NA,NA,26.4655172413793,NA,NA
"BETPOP_168",16,32,1,3,46.5,0.139,0.089,0.28,0.17,NA,NA,NA,NA,0.0217,"","38.075",12.1,0,76.9,0,1,"BETPOP",16,0.225,0.114,163,116.5,1.931330472103,30.4,142,NA,NA,NA,27.6363636363636,NA,NA
"CORRAC_14",13,27,0,1,55.8,0.126,0.132,0.33,0.44,2019-09-24,11.8544,15.15,NA,0.0096,"-0.21","26.9",5.1,0,62.5,0,0,"CORRAC",14,0.385,0.129,176,120.2,3.20299500831947,6.7,176,267,267,211.2,4.49664429530201,NA,0.00910097506565424
"CORRAC_24",15,29,1,1,57.6,0.127,0.131,0.52,0.5,2019-10-29,13.079,33.77,66,0.0111,"-0.2","28.35",-0.5,1,57,0,0,"CORRAC",14,0.51,0.129,176,118.4,4.30743243243243,-0.600000000000001,176,302,302,244.4,-0.408163265306123,3.43698854337152,0.00855753593830879
"CORRAC_34",13,31,0,1,61.1,0.129,0.133,0.32,0.39,2019-09-06,9.52755,27.7,63.8,0.015,"-0.29","32.075",1.6,NA,62.5,0,0,"CORRAC",18,0.355,0.131,176,114.9,3.08964316797215,1.4,176,249,249,187.9,0.965517241379309,1.43693453964875,0.0134484880844178
"CORRAC_44",29,45,1,1,31.8,0.099,0.117,0.59,0.6,2019-10-04,16.36066,38.9,NA,0.01,"-0.2","27.25",0.8,NA,43,0,0,"CORRAC",16,0.595,0.108,176,144.2,4.12621359223301,11.2,176,277,277,245.2,8.54961832061069,NA,0.00855753593830879
"CORRAC_54",13,24,0,1,34.2,0.119,0.155,0.54,0.42,2019-10-22,15.0487,23.551,68.5,0.0128,"-0.1","30.05",13.7,0,46,0,0,"CORRAC",11,0.48,0.137,176,141.8,3.38504936530324,11.8,176,295,295,260.8,7.76315789473684,13.1518404907975,0.0031231446648543
"CORRAC_64",17,41,1,1,54.4,0.118,0.178,0.38,0.43,2019-08-30,4.20826,17,56.4,0.0174,"-0.15","34.275",3.7,1,52.7,0,0,"CORRAC",24,0.405,0.148,176,121.6,3.33059210526316,-1.7,176,242,242,187.6,-1.25925925925926,1.06609808102345,0.00584034030158154
"CORRAC_74",20,45,0,1,51.6,0.145,0.158,0.29,0.43,2019-09-26,19.18285,34.72,93.5,0.024,"-0.23","40.025",1.7,NA,55.3,0,0,"CORRAC",25,0.36,0.1515,176,124.4,2.89389067524116,3.7,176,269,269,217.4,2.82442748091603,19.2732290708372,0.0101878533203451
"CORRAC_84",29,43,1,1,51.8,0.126,0.137,0.42,0.38,2019-09-06,14.65732,24.73,91.7,0.0142,"-0.27","31.325",4.4,NA,55.8,0,0,"CORRAC",14,0.4,0.1315,176,124.2,3.22061191626409,4,176,249,249,197.2,3.00751879699248,20.2332657200811,0.0123616098297269
"CORRAC_94",17,36,0,1,54.1,0.11,0.136,0.41,0.46,2019-10-11,19.9156,34.93,54.4,0.0118,"-0.25","29.05",5,0,65.2,0,0,"CORRAC",19,0.435,0.123,176,121.9,3.56849876948318,11.1,176,284,284,229.9,7.92857142857143,0.130491518051325,0.011274731575036
"CORRAC_104",14,36,1,1,49.2,0.094,0.122,0.27,0.41,2019-10-15,16.92093,28.39,85.4,0.0154,"-0.21","32.525",-0.9,1,61.2,0,0,"CORRAC",22,0.34,0.108,176,126.8,2.6813880126183,12,176,288,288,238.8,8.57142857142857,15.1591289782245,0.00910097506565424
"CORRAC_114",20,41,0,1,51.3,0.113,0.131,0.37,0.28,2019-10-17,20.49596,48.16,85.6,0.0224,"-0.22","38.675",6,1,58.9,0,0,"CORRAC",21,0.325,0.122,176,124.7,2.60625501202887,7.6,176,290,290,238.7,5.62962962962963,14.3695014662757,0.00964441419299969
"CORRAC_124",8,27,1,1,58.2,0.09,0.136,0.35,0.37,2019-08-30,9.228,29.88,61.5,0.0127,"-0.24","29.95",3.2,NA,61,0,0,"CORRAC",19,0.36,0.113,176,117.8,3.05602716468591,2.8,176,242,242,183.8,1.87919463087248,1.79542981501632,0.0107312924476906
"CORRAC_134",10,27,0,1,53.6,0.103,0.115,0.26,0.32,2019-08-30,7.6557,18.41,61.2,0.0043,"-0.23","21.2",6.8,NA,60.6,0,0,"CORRAC",17,0.29,0.109,176,122.4,2.36928104575163,7,176,242,242,188.4,4.69798657718121,4.03397027600849,0.0101878533203451
"CORRAC_144",10,31,1,1,60.8,0.121,0.171,0.23,0.11,2019-08-30,8.13948,24.44,62.7,0.0201,"-0.06","36.7",2.9,NA,63.4,0,0,"CORRAC",21,0.17,0.146,176,115.2,1.47569444444444,2.6,176,242,242,181.2,1.79310344827586,1.04856512141281,0.0009493881554725
"CORRAC_154",8,22,0,1,55.4,0.115,0.124,0.36,0.34,2019-10-17,16.25216,46.5,63.5,0.011,"-0.26","28.25",5.3,NA,59.9,0,0,"CORRAC",14,0.35,0.1195,176,120.6,2.90215588723051,4.5,176,290,290,234.6,2.92207792207792,3.45268542199489,0.0118181707023815
"CORRAC_164",13,29,1,1,58.4,0.094,0.119,0.26,0.28,2019-09-06,7.4456,23.53,61,0.0158,"-0.26","32.825",2.6,NA,60.5,0,0,"CORRAC",16,0.27,0.1065,176,117.6,2.29591836734694,2.1,176,249,249,190.6,1.42857142857143,1.36411332633788,0.0118181707023815
"CORRAC_16",14,32,0,2,48.4,0.173,0.195,0.27,0.22,2019-09-10,4.86905,18.3,53,0.014,"","31.175",3.5,NA,52.5,1,0,"CORRAC",18,0.245,0.184,177,128.6,1.90513219284603,4.1,177,253,253,204.6,2.82758620689655,2.24828934506354,NA
"CORRAC_26",21,43,1,2,39.5,0.12,0.148,0.31,0.49,2019-09-24,10.41492,21.69,NA,0.008,"","25.225",1.4,NA,48.2,1,0,"CORRAC",22,0.4,0.134,177,137.5,2.90909090909091,8.7,177,267,267,227.5,6.49253731343284,NA,NA
"CORRAC_36",14,30,0,2,57.6,0.19,0.252,0.24,0.33,2019-11-01,7.747,39.65,61,0.0078,"","25.05",5.9,0,63.8,1,0,"CORRAC",16,0.285,0.221,177,119.4,2.38693467336683,6.2,177,305,305,247.4,4.21768707482993,1.37429264349232,NA
"CORRAC_46",23,43,1,2,53.8,0.115,0.126,0.27,0.33,2019-11-01,16.476,32.167,75.2,0.0101,"","27.35",-0.2,0,54.2,1,0,"CORRAC",20,0.3,0.1205,177,123.2,2.43506493506494,0.400000000000006,177,305,305,251.2,0.298507462686571,8.51910828025478,NA
"CORRAC_56",25,40,0,2,39.6,0.175,0.171,0.24,0.34,2019-10-17,10.977,30.55,59.1,0.0159,"","32.925",5,1,40.5,1,0,"CORRAC",15,0.29,0.173,177,137.4,2.11062590975255,0.899999999999999,177,290,290,250.4,0.656934306569342,7.78753993610224,NA
"CORRAC_66",14,30,1,2,39.1,0.181,0.151,0.26,0.25,2019-09-06,15.59698,24.13,58.8,0.0158,"","32.825",5.9,NA,65.1,1,0,"CORRAC",16,0.255,0.166,177,137.9,1.84916606236403,26,177,249,249,209.9,17.687074829932,9.38542162934731,NA
"CORRAC_76",16,30,0,2,52,0.143,0.13,0.42,0.56,2019-09-24,12.47321,26.07,NA,0.0119,"","29.125",9.9,0,61.6,1,0,"CORRAC",14,0.49,0.1365,177,125,3.92,9.6,177,267,267,215,6.53061224489796,NA,NA
"CORRAC_86",21,37,1,2,48.2,0.144,0.168,0.24,0.29,2019-09-06,24.56077,23.54,98.7,0.0117,"","28.975",3.3,NA,90.1,1,0,"CORRAC",16,0.265,0.156,177,128.8,2.05745341614907,41.9,177,249,249,200.8,29.9285714285714,25.1494023904382,NA
"CORRAC_96",14,28,0,2,48.2,0.169,0.195,0.22,0.21,2019-09-06,6.77514,15.99,51.2,0.0128,"","30.05",2.4,NA,57.5,1,0,"CORRAC",14,0.215,0.182,177,128.8,1.66925465838509,9.3,177,249,249,200.8,6.24161073825503,1.49402390438247,NA
"CORRAC_106",21,43,1,2,51.2,0.16,0.162,0.24,0.25,2019-09-10,10.80958,24.3,58.8,0.0175,"","34.375",2.3,NA,52.1,1,0,"CORRAC",22,0.245,0.161,177,125.8,1.94753577106518,0.899999999999999,177,253,253,201.8,0.671641791044775,3.76610505450941,NA
"CORRAC_116",14,35,0,2,51.4,0.117,0.142,0.18,0.21,2019-11-26,NA,NA,NA,0.0089,"","26.1",5.8,1,57.6,1,0,"CORRAC",21,0.195,0.1295,177,125.6,1.55254777070064,6.2,177,330,330,278.6,4.36619718309859,NA,NA
"CORRAC_126",11,28,1,2,43.6,0.142,0.171,0.38,0.38,2019-09-06,9.609,24.648,NA,0.0128,"","30.05",5.2,NA,47.2,1,0,"CORRAC",17,0.38,0.1565,177,133.4,2.84857571214393,3.6,177,249,249,205.4,2.41610738255034,NA,NA
"CORRAC_136",7,21,0,2,50.2,0.166,0.165,0.31,0.33,2019-11-26,NA,NA,NA,0.0141,"","31.3",6.6,0,64.3,1,0,"CORRAC",14,0.32,0.1655,177,126.8,2.52365930599369,14.1,177,330,330,279.8,9.03846153846153,NA,NA
"CORRAC_146",9,30,1,2,50.2,0.098,0.111,0.36,0.18,2019-11-11,20.38,33.64,111.7,0.0193,"","36",-2.8,1,50,1,0,"CORRAC",21,0.27,0.1045,177,126.8,2.12933753943218,-0.200000000000003,177,315,315,264.8,-0.136054421768709,23.2250755287009,NA
"CORRAC_156",14,32,0,2,45,0.12,0.15,0.1,0.23,2019-11-11,22.66,33.58,105.4,0.0193,"","36",6.5,1,54.9,1,0,"CORRAC",18,0.165,0.135,177,132,1.25,9.9,177,315,315,270,6.82758620689655,22.3703703703704,NA
"CORRAC_166",11,28,1,2,34.2,0.108,0.147,0.48,0.44,2019-09-26,21.23096,28.31,92.2,0.0135,"","30.7",14.8,NA,57.8,1,0,"CORRAC",17,0.46,0.1275,177,142.8,3.22128851540616,23.6,177,269,269,234.8,15.8389261744966,24.7018739352641,NA
"CORRAC_18",14,29,0,3,62.9,0.113,0.184,0.3,0.15,2019-10-17,12.84,65.28,61.5,0.0249,"","40.775",1.4,0,63.4,0,1,"CORRAC",15,0.225,0.1485,163,100.1,2.24775224775225,0.5,142,290,269,206.1,0.442477876106195,-0.679281901989325,NA
"CORRAC_28",9,37,1,3,49.5,0.082,0.129,0.41,0.32,2019-09-10,13.69,16.33,NA,0.0072,"","24.375",1.7,NA,53.7,0,1,"CORRAC",28,0.365,0.1055,163,113.5,3.215859030837,4.2,142,253,232,182.5,4,NA,NA
"CORRAC_38",18,29,0,3,41.6,0.094,0.122,0.53,0.42,2019-10-22,10.564,37.598,65.4,0.0126,"","29.8",3.9,0,56.3,0,1,"CORRAC",11,0.475,0.108,163,121.4,3.91268533772652,14.7,142,295,274,232.4,13.0088495575221,10.2409638554217,NA
"CORRAC_48",18,32,1,3,50.3,0.105,0.171,0.13,0.35,2019-10-15,18.13,35.78,79.8,0.0166,"","33.6",6.2,1,35,0,1,"CORRAC",14,0.24,0.138,163,112.7,2.12954747116238,-15.3,142,288,267,216.7,-13.9090909090909,13.6132902630365,NA
"CORRAC_58",26,37,0,3,49.6,0.097,0.118,0.22,0.18,2019-10-15,27.66,53.48,105.5,0.0138,"","31",1.2,0,89,0,1,"CORRAC",11,0.2,0.1075,163,113.4,1.7636684303351,39.4,142,288,267,217.4,37.5238095238095,25.7129714811408,NA
"CORRAC_68",11,29,1,3,56,0.136,0.149,0.34,0.2,2019-09-24,10.37,22.48,NA,0.0111,"","28.35",4.1,NA,56.1,0,1,"CORRAC",18,0.27,0.1425,163,107,2.52336448598131,0.100000000000001,142,267,246,190,0.0884955752212402,NA,NA
"CORRAC_78",7,21,0,3,36.2,0.141,0.175,0.36,0.31,2019-09-10,8.86,37.3,38.5,0.0231,"","39.225",3.1,NA,39.1,0,1,"CORRAC",14,0.335,0.158,163,126.8,2.64195583596215,2.9,142,253,232,195.8,2.39669421487603,1.17466802860061,NA
"CORRAC_88",16,32,1,3,40.6,0.078,0.089,0.4,0.52,2019-10-22,17.609,37.643,92.3,0.0069,"","24",7.6,1,45.3,0,1,"CORRAC",16,0.46,0.0835,163,122.4,3.75816993464052,4.7,142,295,274,233.4,4.27272727272727,22.1508140531277,NA
"CORRAC_98",23,32,0,3,55,0.095,0.102,0.41,0.37,2019-11-15,NA,NA,NA,0.026,"","41.65",4,1,59.7,0,1,"CORRAC",9,0.39,0.0985,163,108,3.61111111111111,4.7,142,319,298,243,4.27272727272728,NA,NA
"CORRAC_108",7,26,1,3,55.9,0.116,0.143,0.24,0.18,2019-10-17,13.4,29.699,78.9,0.0195,"","36.2",3.7,1,57.4,0,1,"CORRAC",19,0.21,0.1295,163,107.1,1.96078431372549,1.5,142,290,269,213.1,1.29310344827586,10.793054903801,NA
"CORRAC_118",7,21,0,3,53.4,0.113,0.139,0.34,0.31,2019-09-10,8.05,40.87,59.6,0.02,"","36.575",5.4,NA,59.1,0,1,"CORRAC",14,0.325,0.126,163,109.6,2.96532846715328,5.7,142,253,232,178.6,4.71074380165289,3.47144456886898,NA
"CORRAC_128",14,35,1,3,47.3,0.094,0.099,0.32,0.42,2019-10-22,16.49,46.785,88.7,0.0224,"","38.675",0.2,1,58.8,0,1,"CORRAC",21,0.37,0.0965,163,115.7,3.19792566983578,11.5,142,295,274,226.7,10.7476635514019,18.2620202911337,NA
"CORRAC_138",9,26,0,3,60.4,0.099,0.121,0.32,0.17,2019-09-24,8.789,25.6,NA,0.0181,"","34.95",6.1,NA,64.5,0,1,"CORRAC",17,0.245,0.11,163,102.6,2.38791423001949,4.1,142,267,246,185.6,3.53448275862069,NA,NA
"CORRAC_148",14,32,1,3,55.6,0.087,0.101,0.36,0.49,2019-09-06,16.59,25.98,68.9,0.0133,"","30.55",-1.2,NA,60.5,0,1,"CORRAC",18,0.425,0.094,163,107.4,3.95716945996276,4.9,142,249,228,172.4,4.45454545454545,7.71461716937355,NA
"CORRAC_158",14,35,0,3,50.2,0.09,0.097,0.44,0.32,NA,17.81,34.237,100,0.0121,"","29.325",5.7,0,56.8,0,1,"CORRAC",21,0.38,0.0935,163,112.8,3.36879432624113,6.59999999999999,142,NA,NA,NA,6.16822429906542,NA,NA
"CORRAC_168",7,29,1,3,58.6,0.096,0.158,0.44,0.14,2019-07-30,13.58,45.6,59.1,0.0179,"","34.8",5.1,NA,63.9,0,1,"CORRAC",22,0.29,0.127,163,104.4,2.77777777777778,5.3,142,211,190,131.4,4.69026548672566,0.380517503805175,NA
"FAGGRA_14",NA,NA,0,1,NA,NA,NA,NA,NA,NA,NA,NA,NA,NA,"","#DIV/0!",0,NA,NA,0,0,"FAGGRA",NA,NA,NA,176,NA,NA,NA,176,NA,NA,NA,NA,NA,NA
"FAGGRA_24",64,80,1,1,45,NA,NA,NA,NA,NA,NA,NA,NA,NA,"","26.65",-0.7,NA,NA,0,0,"FAGGRA",16,NA,NA,176,131,NA,NA,176,NA,NA,NA,NA,NA,NA
"FAGGRA_34",62,71,0,1,40.2,NA,NA,NA,NA,NA,NA,NA,NA,NA,"","28.325",-0.4,NA,NA,0,0,"FAGGRA",9,NA,NA,176,135.8,NA,NA,176,NA,NA,NA,NA,NA,NA
"FAGGRA_44",66,83,1,1,26.9,NA,NA,NA,NA,NA,NA,NA,NA,NA,"","25.575",-0.6,NA,NA,0,0,"FAGGRA",17,NA,NA,176,149.1,NA,NA,176,NA,NA,NA,NA,NA,NA
"FAGGRA_54",NA,NA,0,1,NA,NA,NA,NA,NA,NA,NA,NA,NA,NA,"","#DIV/0!",0,NA,NA,0,0,"FAGGRA",NA,NA,NA,176,NA,NA,NA,176,NA,NA,NA,NA,NA,NA
"FAGGRA_64",NA,NA,1,1,NA,NA,NA,NA,NA,NA,NA,NA,NA,NA,"","#DIV/0!",0,NA,NA,0,0,"FAGGRA",NA,NA,NA,176,NA,NA,NA,176,NA,NA,NA,NA,NA,NA
"FAGGRA_74",97,120,0,1,28.3,NA,NA,NA,NA,NA,NA,NA,NA,NA,"","#DIV/0!",-28.3,NA,NA,0,0,"FAGGRA",23,NA,NA,176,147.7,NA,NA,176,NA,NA,NA,NA,NA,NA
"FAGGRA_84",NA,NA,1,1,NA,NA,NA,NA,NA,NA,NA,NA,NA,NA,"","#DIV/0!",0,NA,NA,0,0,"FAGGRA",NA,NA,NA,176,NA,NA,NA,176,NA,NA,NA,NA,NA,NA
"FAGGRA_94",NA,NA,0,1,NA,NA,NA,NA,NA,NA,NA,NA,NA,NA,"","#DIV/0!",0,NA,NA,0,0,"FAGGRA",NA,NA,NA,176,NA,NA,NA,176,NA,NA,NA,NA,NA,NA
"FAGGRA_104",69,94,1,1,34.1,NA,NA,NA,NA,NA,NA,NA,NA,NA,"","#DIV/0!",-34.1,NA,NA,0,0,"FAGGRA",25,NA,NA,176,141.9,NA,NA,176,NA,NA,NA,NA,NA,NA
"FAGGRA_114",80,94,0,1,27.7,NA,NA,NA,NA,NA,NA,NA,NA,NA,"","#DIV/0!",-27.7,NA,NA,0,0,"FAGGRA",14,NA,NA,176,148.3,NA,NA,176,NA,NA,NA,NA,NA,NA
"FAGGRA_124",NA,NA,1,1,NA,NA,NA,NA,NA,NA,NA,NA,NA,NA,"","#DIV/0!",0,NA,NA,0,0,"FAGGRA",NA,NA,NA,176,NA,NA,NA,176,NA,NA,NA,NA,NA,NA
"FAGGRA_134",83,94,0,1,30.3,NA,NA,NA,NA,NA,NA,NA,NA,NA,"","#DIV/0!",-30.3,NA,NA,0,0,"FAGGRA",11,NA,NA,176,145.7,NA,NA,176,NA,NA,NA,NA,NA,NA
"FAGGRA_144",NA,NA,1,1,NA,NA,NA,NA,NA,NA,NA,NA,NA,NA,"","#DIV/0!",0,NA,NA,0,0,"FAGGRA",NA,NA,NA,176,NA,NA,NA,176,NA,NA,NA,NA,NA,NA
"FAGGRA_154",NA,NA,0,1,NA,NA,NA,NA,NA,NA,NA,NA,NA,NA,"","#DIV/0!",0,NA,NA,0,0,"FAGGRA",NA,NA,NA,176,NA,NA,NA,176,NA,NA,NA,NA,NA,NA
"FAGGRA_164",NA,NA,1,1,NA,NA,NA,NA,NA,NA,NA,NA,NA,NA,"","#DIV/0!",0,NA,NA,0,0,"FAGGRA",NA,NA,NA,176,NA,NA,NA,176,NA,NA,NA,NA,NA,NA
"FAGGRA_16",81,102,0,2,30.8,NA,NA,NA,NA,NA,NA,NA,NA,NA,"","#DIV/0!",-30.8,NA,NA,1,0,"FAGGRA",21,NA,NA,177,146.2,NA,NA,177,NA,NA,NA,NA,NA,NA
"FAGGRA_26",64,79,1,2,35.9,NA,NA,NA,NA,NA,NA,NA,NA,NA,"","#DIV/0!",-35.9,NA,NA,1,0,"FAGGRA",15,NA,NA,177,141.1,NA,NA,177,NA,NA,NA,NA,NA,NA
"FAGGRA_36",NA,NA,0,2,NA,NA,NA,NA,NA,NA,NA,NA,NA,NA,"","#DIV/0!",0,NA,NA,1,0,"FAGGRA",NA,NA,NA,177,NA,NA,NA,177,NA,NA,NA,NA,NA,NA
"FAGGRA_46",NA,NA,1,2,NA,NA,NA,NA,NA,NA,NA,NA,NA,NA,"","#DIV/0!",0,NA,NA,1,0,"FAGGRA",NA,NA,NA,177,NA,NA,NA,177,NA,NA,NA,NA,NA,NA
"FAGGRA_56",NA,NA,0,2,NA,NA,NA,NA,NA,NA,NA,NA,NA,NA,"","#DIV/0!",0,NA,NA,1,0,"FAGGRA",NA,NA,NA,177,NA,NA,NA,177,NA,NA,NA,NA,NA,NA
"FAGGRA_66",NA,NA,1,2,NA,NA,NA,NA,NA,NA,NA,NA,NA,NA,"","#DIV/0!",0,NA,NA,1,0,"FAGGRA",NA,NA,NA,177,NA,NA,NA,177,NA,NA,NA,NA,NA,NA
"FAGGRA_76",60,70,0,2,29.2,NA,NA,NA,NA,NA,NA,NA,NA,NA,"","26.325",0.5,NA,NA,1,0,"FAGGRA",10,NA,NA,177,147.8,NA,NA,177,NA,NA,NA,NA,NA,NA
"FAGGRA_86",NA,NA,1,2,NA,NA,NA,NA,NA,NA,NA,NA,NA,NA,"","#DIV/0!",0,NA,NA,1,0,"FAGGRA",NA,NA,NA,177,NA,NA,NA,177,NA,NA,NA,NA,NA,NA
"FAGGRA_96",63,74,0,2,38.6,NA,NA,NA,NA,NA,NA,NA,NA,NA,"","27.3",0.5,NA,NA,1,0,"FAGGRA",11,NA,NA,177,138.4,NA,NA,177,NA,NA,NA,NA,NA,NA
"FAGGRA_106",NA,NA,1,2,NA,NA,NA,NA,NA,NA,NA,NA,NA,NA,"","#DIV/0!",0,NA,NA,1,0,"FAGGRA",NA,NA,NA,177,NA,NA,NA,177,NA,NA,NA,NA,NA,NA
"FAGGRA_116",NA,NA,0,2,NA,NA,NA,NA,NA,NA,NA,NA,NA,NA,"","#DIV/0!",0,NA,NA,1,0,"FAGGRA",NA,NA,NA,177,NA,NA,NA,177,NA,NA,NA,NA,NA,NA
"FAGGRA_126",NA,NA,1,2,NA,NA,NA,NA,NA,NA,NA,NA,NA,NA,"","#DIV/0!",0,NA,NA,1,0,"FAGGRA",NA,NA,NA,177,NA,NA,NA,177,NA,NA,NA,NA,NA,NA
"FAGGRA_136",53,63,0,2,20.1,NA,NA,NA,NA,NA,NA,NA,NA,NA,"","26.25",0.1,NA,NA,1,0,"FAGGRA",10,NA,NA,177,156.9,NA,NA,177,NA,NA,NA,NA,NA,NA
"FAGGRA_146",NA,NA,1,2,NA,NA,NA,NA,NA,NA,NA,NA,NA,NA,"","#DIV/0!",0,NA,NA,1,0,"FAGGRA",NA,NA,NA,177,NA,NA,NA,177,NA,NA,NA,NA,NA,NA
"FAGGRA_156",63,70,0,2,21.9,NA,NA,NA,NA,NA,NA,NA,NA,NA,"","24.625",0.7,NA,NA,1,0,"FAGGRA",7,NA,NA,177,155.1,NA,NA,177,NA,NA,NA,NA,NA,NA
"FAGGRA_166",NA,NA,1,2,NA,NA,NA,NA,NA,NA,NA,NA,NA,NA,"","#DIV/0!",0,NA,NA,1,0,"FAGGRA",NA,NA,NA,177,NA,NA,NA,177,NA,NA,NA,NA,NA,NA
"FAGGRA_18",NA,NA,0,3,NA,NA,NA,NA,NA,NA,NA,NA,NA,NA,"","#DIV/0!",0,NA,NA,0,1,"FAGGRA",NA,NA,NA,163,NA,NA,NA,142,NA,NA,NA,NA,NA,NA
"FAGGRA_28",NA,NA,1,3,NA,NA,NA,NA,NA,NA,NA,NA,NA,NA,"","#DIV/0!",0,NA,NA,0,1,"FAGGRA",NA,NA,NA,163,NA,NA,NA,142,NA,NA,NA,NA,NA,NA
"FAGGRA_38",NA,NA,0,3,NA,NA,NA,NA,NA,NA,NA,NA,NA,NA,"","#DIV/0!",0,NA,NA,0,1,"FAGGRA",NA,NA,NA,163,NA,NA,NA,142,NA,NA,NA,NA,NA,NA
"FAGGRA_48",NA,NA,1,3,NA,NA,NA,NA,NA,NA,NA,NA,NA,NA,"","#DIV/0!",0,NA,NA,0,1,"FAGGRA",NA,NA,NA,163,NA,NA,NA,142,NA,NA,NA,NA,NA,NA
"FAGGRA_58",NA,NA,0,3,NA,NA,NA,NA,NA,NA,NA,NA,NA,NA,"","#DIV/0!",0,NA,NA,0,1,"FAGGRA",NA,NA,NA,163,NA,NA,NA,142,NA,NA,NA,NA,NA,NA
"FAGGRA_68",NA,NA,1,3,NA,NA,NA,NA,NA,NA,NA,NA,NA,NA,"","#DIV/0!",0,NA,NA,0,1,"FAGGRA",NA,NA,NA,163,NA,NA,NA,142,NA,NA,NA,NA,NA,NA
"FAGGRA_78",NA,NA,0,3,NA,NA,NA,NA,NA,NA,NA,NA,NA,NA,"","#DIV/0!",0,NA,NA,0,1,"FAGGRA",NA,NA,NA,163,NA,NA,NA,142,NA,NA,NA,NA,NA,NA
"FAGGRA_88",NA,NA,1,3,NA,NA,NA,NA,NA,NA,NA,NA,NA,NA,"","#DIV/0!",0,NA,NA,0,1,"FAGGRA",NA,NA,NA,163,NA,NA,NA,142,NA,NA,NA,NA,NA,NA
"FAGGRA_98",NA,NA,0,3,NA,NA,NA,NA,NA,NA,NA,NA,NA,NA,"","#DIV/0!",0,NA,NA,0,1,"FAGGRA",NA,NA,NA,163,NA,NA,NA,142,NA,NA,NA,NA,NA,NA
"FAGGRA_108",NA,NA,1,3,NA,NA,NA,NA,NA,NA,NA,NA,NA,NA,"","#DIV/0!",0,NA,NA,0,1,"FAGGRA",NA,NA,NA,163,NA,NA,NA,142,NA,NA,NA,NA,NA,NA
"FAGGRA_118",NA,NA,0,3,NA,NA,NA,NA,NA,NA,NA,NA,NA,NA,"","#DIV/0!",0,NA,NA,0,1,"FAGGRA",NA,NA,NA,163,NA,NA,NA,142,NA,NA,NA,NA,NA,NA
"FAGGRA_128",NA,NA,1,3,NA,NA,NA,NA,NA,NA,NA,NA,NA,NA,"","#DIV/0!",0,NA,NA,0,1,"FAGGRA",NA,NA,NA,163,NA,NA,NA,142,NA,NA,NA,NA,NA,NA
"FAGGRA_138",NA,NA,0,3,NA,NA,NA,NA,NA,NA,NA,NA,NA,NA,"","#DIV/0!",0,NA,NA,0,1,"FAGGRA",NA,NA,NA,163,NA,NA,NA,142,NA,NA,NA,NA,NA,NA
"FAGGRA_148",NA,NA,1,3,NA,NA,NA,NA,NA,NA,NA,NA,NA,NA,"","#DIV/0!",0,NA,NA,0,1,"FAGGRA",NA,NA,NA,163,NA,NA,NA,142,NA,NA,NA,NA,NA,NA
"FAGGRA_158",NA,NA,0,3,NA,NA,NA,NA,NA,NA,NA,NA,NA,NA,"","#DIV/0!",0,NA,NA,0,1,"FAGGRA",NA,NA,NA,163,NA,NA,NA,142,NA,NA,NA,NA,NA,NA
"FAGGRA_168",NA,NA,1,3,NA,NA,NA,NA,NA,NA,NA,NA,NA,NA,"","#DIV/0!",0,NA,NA,0,1,"FAGGRA",NA,NA,NA,163,NA,NA,NA,142,NA,NA,NA,NA,NA,NA
"NYSSYL_14",NA,NA,0,1,NA,NA,NA,NA,NA,NA,NA,NA,NA,NA,"","#DIV/0!",0,NA,NA,0,0,"NYSSYL",NA,NA,NA,176,NA,NA,NA,176,NA,NA,NA,NA,NA,NA
"NYSSYL_24",NA,NA,1,1,NA,NA,NA,NA,NA,NA,NA,NA,NA,NA,"","#DIV/0!",0,NA,NA,0,0,"NYSSYL",NA,NA,NA,176,NA,NA,NA,176,NA,NA,NA,NA,NA,NA
"NYSSYL_34",NA,NA,0,1,NA,NA,NA,NA,NA,NA,NA,NA,NA,NA,"","#DIV/0!",0,NA,NA,0,0,"NYSSYL",NA,NA,NA,176,NA,NA,NA,176,NA,NA,NA,NA,NA,NA
"NYSSYL_44",NA,NA,1,1,NA,NA,NA,NA,NA,NA,NA,NA,NA,NA,"","#DIV/0!",0,NA,NA,0,0,"NYSSYL",NA,NA,NA,176,NA,NA,NA,176,NA,NA,NA,NA,NA,NA
"NYSSYL_54",NA,NA,0,1,NA,NA,NA,NA,NA,NA,NA,NA,NA,NA,"","#DIV/0!",0,NA,NA,0,0,"NYSSYL",NA,NA,NA,176,NA,NA,NA,176,NA,NA,NA,NA,NA,NA
"NYSSYL_64",NA,NA,1,1,NA,NA,NA,NA,NA,NA,NA,NA,NA,NA,"","#DIV/0!",0,NA,NA,0,0,"NYSSYL",NA,NA,NA,176,NA,NA,NA,176,NA,NA,NA,NA,NA,NA
"NYSSYL_74",36,73,0,1,28.5,NA,NA,NA,NA,NA,NA,NA,NA,NA,"","27.15",1.1,NA,NA,0,0,"NYSSYL",37,NA,NA,176,147.5,NA,NA,176,NA,NA,NA,NA,NA,NA
"NYSSYL_84",NA,NA,1,1,NA,NA,NA,NA,NA,NA,NA,NA,NA,NA,"","#DIV/0!",0,NA,NA,0,0,"NYSSYL",NA,NA,NA,176,NA,NA,NA,176,NA,NA,NA,NA,NA,NA
"NYSSYL_94",NA,NA,0,1,NA,NA,NA,NA,NA,NA,NA,NA,NA,NA,"","#DIV/0!",0,NA,NA,0,0,"NYSSYL",NA,NA,NA,176,NA,NA,NA,176,NA,NA,NA,NA,NA,NA
"NYSSYL_104",36,83,1,1,26.7,NA,NA,NA,NA,NA,NA,NA,NA,NA,"","27.95",0.9,NA,NA,0,0,"NYSSYL",47,NA,NA,176,149.3,NA,NA,176,NA,NA,NA,NA,NA,NA
"NYSSYL_114",36,69,0,1,21.8,NA,NA,NA,NA,NA,NA,NA,NA,NA,"","26.375",-0.4,NA,NA,0,0,"NYSSYL",33,NA,NA,176,154.2,NA,NA,176,NA,NA,NA,NA,NA,NA
"NYSSYL_124",48,94,1,1,25.4,NA,NA,NA,NA,NA,NA,NA,NA,NA,"","#DIV/0!",-25.4,NA,NA,0,0,"NYSSYL",46,NA,NA,176,150.6,NA,NA,176,NA,NA,NA,NA,NA,NA
"NYSSYL_134",NA,NA,0,1,NA,NA,NA,NA,NA,NA,NA,NA,NA,NA,"","#DIV/0!",0,NA,NA,0,0,"NYSSYL",NA,NA,NA,176,NA,NA,NA,176,NA,NA,NA,NA,NA,NA
"NYSSYL_144",36,92,1,1,32.2,NA,NA,NA,NA,NA,NA,NA,NA,NA,"","#DIV/0!",-32.2,NA,NA,0,0,"NYSSYL",56,NA,NA,176,143.8,NA,NA,176,NA,NA,NA,NA,NA,NA
"NYSSYL_154",36,56,0,1,23.6,NA,NA,NA,NA,NA,NA,NA,NA,0.0098,"","27.05",-1.4,NA,NA,0,0,"NYSSYL",20,NA,NA,176,152.4,NA,NA,176,NA,NA,NA,NA,NA,NA
"NYSSYL_164",NA,NA,1,1,NA,NA,NA,NA,NA,NA,NA,NA,NA,NA,"","#DIV/0!",0,NA,NA,0,0,"NYSSYL",NA,NA,NA,176,NA,NA,NA,176,NA,NA,NA,NA,NA,NA
"NYSSYL_16",NA,NA,0,2,NA,NA,NA,NA,NA,NA,NA,NA,NA,NA,"","#DIV/0!",0,NA,NA,1,0,"NYSSYL",NA,NA,NA,177,NA,NA,NA,177,NA,NA,NA,NA,NA,NA
"NYSSYL_26",NA,NA,1,2,NA,NA,NA,NA,NA,NA,NA,NA,NA,NA,"","#DIV/0!",0,NA,NA,1,0,"NYSSYL",NA,NA,NA,177,NA,NA,NA,177,NA,NA,NA,NA,NA,NA
"NYSSYL_36",NA,NA,0,2,NA,NA,NA,NA,NA,NA,NA,NA,NA,NA,"","#DIV/0!",0,NA,NA,1,0,"NYSSYL",NA,NA,NA,177,NA,NA,NA,177,NA,NA,NA,NA,NA,NA
"NYSSYL_46",NA,NA,1,2,NA,NA,NA,NA,NA,NA,NA,NA,NA,NA,"","#DIV/0!",0,NA,NA,1,0,"NYSSYL",NA,NA,NA,177,NA,NA,NA,177,NA,NA,NA,NA,NA,NA
"NYSSYL_56",NA,NA,0,2,NA,NA,NA,NA,NA,NA,NA,NA,NA,NA,"","#DIV/0!",0,NA,NA,1,0,"NYSSYL",NA,NA,NA,177,NA,NA,NA,177,NA,NA,NA,NA,NA,NA
"NYSSYL_66",NA,NA,1,2,NA,NA,NA,NA,NA,NA,NA,NA,NA,NA,"","#DIV/0!",0,NA,NA,1,0,"NYSSYL",NA,NA,NA,177,NA,NA,NA,177,NA,NA,NA,NA,NA,NA
"NYSSYL_76",NA,NA,0,2,NA,NA,NA,NA,NA,NA,NA,NA,NA,NA,"","#DIV/0!",0,NA,NA,1,0,"NYSSYL",NA,NA,NA,177,NA,NA,NA,177,NA,NA,NA,NA,NA,NA
"NYSSYL_86",NA,NA,1,2,NA,NA,NA,NA,NA,NA,NA,NA,NA,NA,"","#DIV/0!",0,NA,NA,1,0,"NYSSYL",NA,NA,NA,177,NA,NA,NA,177,NA,NA,NA,NA,NA,NA
"NYSSYL_96",NA,NA,0,2,NA,NA,NA,NA,NA,NA,NA,NA,NA,NA,"","#DIV/0!",0,NA,NA,1,0,"NYSSYL",NA,NA,NA,177,NA,NA,NA,177,NA,NA,NA,NA,NA,NA
"NYSSYL_106",NA,NA,1,2,NA,NA,NA,NA,NA,NA,NA,NA,NA,NA,"","#DIV/0!",0,NA,NA,1,0,"NYSSYL",NA,NA,NA,177,NA,NA,NA,177,NA,NA,NA,NA,NA,NA
"NYSSYL_116",NA,NA,0,2,NA,NA,NA,NA,NA,NA,NA,NA,NA,NA,"","#DIV/0!",0,NA,NA,1,0,"NYSSYL",NA,NA,NA,177,NA,NA,NA,177,NA,NA,NA,NA,NA,NA
"NYSSYL_126",NA,NA,1,2,NA,NA,NA,NA,NA,NA,NA,NA,NA,NA,"","#DIV/0!",0,NA,NA,1,0,"NYSSYL",NA,NA,NA,177,NA,NA,NA,177,NA,NA,NA,NA,NA,NA
"NYSSYL_136",NA,NA,0,2,NA,NA,NA,NA,NA,NA,NA,NA,NA,NA,"","#DIV/0!",0,NA,NA,1,0,"NYSSYL",NA,NA,NA,177,NA,NA,NA,177,NA,NA,NA,NA,NA,NA
"NYSSYL_146",NA,NA,1,2,NA,NA,NA,NA,NA,NA,NA,NA,NA,NA,"","#DIV/0!",0,NA,NA,1,0,"NYSSYL",NA,NA,NA,177,NA,NA,NA,177,NA,NA,NA,NA,NA,NA
"NYSSYL_156",NA,NA,0,2,NA,NA,NA,NA,NA,NA,NA,NA,NA,NA,"","#DIV/0!",0,NA,NA,1,0,"NYSSYL",NA,NA,NA,177,NA,NA,NA,177,NA,NA,NA,NA,NA,NA
"NYSSYL_166",NA,NA,1,2,NA,NA,NA,NA,NA,NA,NA,NA,NA,NA,"","#DIV/0!",0,NA,NA,1,0,"NYSSYL",NA,NA,NA,177,NA,NA,NA,177,NA,NA,NA,NA,NA,NA
"NYSSYL_18",NA,NA,0,3,NA,NA,NA,NA,NA,NA,NA,NA,NA,NA,"","#DIV/0!",0,NA,NA,0,1,"NYSSYL",NA,NA,NA,163,NA,NA,NA,142,NA,NA,NA,NA,NA,NA
"NYSSYL_28",NA,NA,1,3,NA,NA,NA,NA,NA,NA,NA,NA,NA,NA,"","#DIV/0!",0,NA,NA,0,1,"NYSSYL",NA,NA,NA,163,NA,NA,NA,142,NA,NA,NA,NA,NA,NA
"NYSSYL_38",NA,NA,0,3,NA,NA,NA,NA,NA,NA,NA,NA,NA,NA,"","#DIV/0!",0,NA,NA,0,1,"NYSSYL",NA,NA,NA,163,NA,NA,NA,142,NA,NA,NA,NA,NA,NA
"NYSSYL_48",35,95,1,3,24.5,NA,NA,NA,NA,NA,NA,NA,NA,NA,"","#DIV/0!",-24.5,NA,NA,0,1,"NYSSYL",60,NA,NA,163,138.5,NA,NA,142,NA,NA,NA,NA,NA,NA
"NYSSYL_58",NA,NA,0,3,NA,NA,NA,NA,NA,NA,NA,NA,NA,NA,"","#DIV/0!",0,NA,NA,0,1,"NYSSYL",NA,NA,NA,163,NA,NA,NA,142,NA,NA,NA,NA,NA,NA
"NYSSYL_68",NA,NA,1,3,NA,NA,NA,NA,NA,NA,NA,NA,NA,NA,"","#DIV/0!",0,NA,NA,0,1,"NYSSYL",NA,NA,NA,163,NA,NA,NA,142,NA,NA,NA,NA,NA,NA
"NYSSYL_78",NA,NA,0,3,NA,NA,NA,NA,NA,NA,NA,NA,NA,NA,"","#DIV/0!",0,NA,NA,0,1,"NYSSYL",NA,NA,NA,163,NA,NA,NA,142,NA,NA,NA,NA,NA,NA
"NYSSYL_88",NA,NA,1,3,NA,NA,NA,NA,NA,NA,NA,NA,NA,NA,"","#DIV/0!",0,NA,NA,0,1,"NYSSYL",NA,NA,NA,163,NA,NA,NA,142,NA,NA,NA,NA,NA,NA
"NYSSYL_98",NA,NA,0,3,NA,NA,NA,NA,NA,NA,NA,NA,NA,NA,"","#DIV/0!",0,NA,NA,0,1,"NYSSYL",NA,NA,NA,163,NA,NA,NA,142,NA,NA,NA,NA,NA,NA
"NYSSYL_108",NA,NA,1,3,NA,NA,NA,NA,NA,NA,NA,NA,NA,NA,"","#DIV/0!",0,NA,NA,0,1,"NYSSYL",NA,NA,NA,163,NA,NA,NA,142,NA,NA,NA,NA,NA,NA
"NYSSYL_118",NA,NA,0,3,NA,NA,NA,NA,NA,NA,NA,NA,NA,NA,"","#DIV/0!",0,NA,NA,0,1,"NYSSYL",NA,NA,NA,163,NA,NA,NA,142,NA,NA,NA,NA,NA,NA
"NYSSYL_128",NA,NA,1,3,NA,NA,NA,NA,NA,NA,NA,NA,NA,NA,"","#DIV/0!",0,NA,NA,0,1,"NYSSYL",NA,NA,NA,163,NA,NA,NA,142,NA,NA,NA,NA,NA,NA
"NYSSYL_138",NA,NA,0,3,NA,NA,NA,NA,NA,NA,NA,NA,NA,NA,"","#DIV/0!",0,NA,NA,0,1,"NYSSYL",NA,NA,NA,163,NA,NA,NA,142,NA,NA,NA,NA,NA,NA
"NYSSYL_148",37,79,1,3,15.9,NA,NA,NA,NA,NA,NA,NA,NA,NA,"","#DIV/0!",-15.9,NA,NA,0,1,"NYSSYL",42,NA,NA,163,147.1,NA,NA,142,NA,NA,NA,NA,NA,NA
"NYSSYL_158",NA,NA,0,3,NA,NA,NA,NA,NA,NA,NA,NA,NA,NA,"","#DIV/0!",0,NA,NA,0,1,"NYSSYL",NA,NA,NA,163,NA,NA,NA,142,NA,NA,NA,NA,NA,NA
"NYSSYL_168",NA,NA,1,3,NA,NA,NA,NA,NA,NA,NA,NA,NA,NA,"","#DIV/0!",0,NA,NA,0,1,"NYSSYL",NA,NA,NA,163,NA,NA,NA,142,NA,NA,NA,NA,NA,NA
"SALPUR_14",13,20,0,1,28.8,0.171,0.154,0.61,1.05,NA,NA,NA,NA,0.0242,"-0.03","40.2",46.1,1,72.6,0,0,"SALPUR",7,0.83,0.1625,176,147.2,5.63858695652174,43.8,176,NA,NA,NA,28.0769230769231,NA,-0.000680929226563848
"SALPUR_24",13,24,1,1,35,0.134,0.137,0.43,0.65,NA,NA,NA,NA,0.0273,"-0.11","42.65",54.1,1,89.9,0,0,"SALPUR",11,0.54,0.1355,176,141,3.82978723404255,54.9,176,NA,NA,NA,36.1184210526316,NA,0.00366658379219975
"SALPUR_34",8,20,0,1,25.6,0.174,0.156,0.45,0.39,2019-11-19,NA,NA,NA,0.0325,"0","46.675",50.3,0,95.3,0,0,"SALPUR",12,0.42,0.165,176,150.4,2.79255319148936,69.7,176,323,323,297.4,44.6794871794872,NA,-0.0023112466086002
"SALPUR_44",8,22,1,1,18.2,0.139,0.154,0.43,0.61,NA,NA,NA,NA,0.0362,"0.01","49.425",59,0,79,0,0,"SALPUR",14,0.52,0.1465,176,157.8,3.29531051964512,60.8,176,NA,NA,NA,39.4805194805195,NA,-0.00285468573594565
"SALPUR_54",13,22,0,1,26.8,0.152,0.168,0.64,0.77,2019-11-15,NA,NA,137.8,0.0246,"-0.07","40.5",38.1,1,87.9,0,0,"SALPUR",9,0.705,0.16,176,149.2,4.72520107238606,61.1,176,319,319,292.2,39.6753246753247,37.9876796714579,0.00149282728281795
"SALPUR_64",8,20,1,1,19.2,0.162,0.16,0.62,0.39,2019-11-15,NA,NA,159.8,0.0231,"-0.01","39.275",58.1,1,81.5,0,0,"SALPUR",12,0.505,0.161,176,156.8,3.22066326530612,62.3,176,319,319,299.8,39.9358974358974,46.8979319546364,-0.00176780748125475
"SALPUR_74",10,20,0,1,15.8,0.16,0.147,0.49,0.5,2019-11-19,NA,NA,NA,0.0297,"0.02","44.575",44.7,1,78.2,0,0,"SALPUR",10,0.495,0.1535,176,160.2,3.08988764044944,62.4,176,323,323,307.2,40,NA,-0.00339812486329109
"SALPUR_84",8,22,1,1,23.8,0.137,0.139,0.43,0.46,NA,NA,NA,NA,0.0304,"-0.05","45.125",38.7,1,63.4,0,0,"SALPUR",14,0.445,0.138,176,152.2,2.92378449408673,39.6,176,NA,NA,NA,25.7142857142857,NA,0.000405949028127051
"SALPUR_94",13,20,0,1,23.4,0.162,0.157,0.57,0.56,2019-11-26,NA,NA,NA,0.0297,"-0.02","44.525",43.7,0,72.2,0,0,"SALPUR",7,0.565,0.1595,176,152.6,3.70249017038008,48.8,176,330,330,306.6,31.2820512820513,NA,-0.0012243683539093
"SALPUR_104",13,24,1,1,24.6,0.151,0.167,0.57,0.76,NA,NA,NA,NA,0.0242,"-0.04","40.125",41.4,0,67.7,0,0,"SALPUR",11,0.665,0.159,176,151.4,4.39233817701453,43.1,176,NA,NA,NA,28.3552631578947,NA,-0.000137490099218399
"SALPUR_114",10,20,0,1,20.2,0.142,0.145,0.63,0.51,NA,NA,NA,NA,0.0307,"-0.11","45.325",32,1,84.2,0,0,"SALPUR",10,0.57,0.1435,176,155.8,3.65853658536585,64,176,NA,NA,NA,41.025641025641,NA,0.00366658379219975
"SALPUR_124",10,20,1,1,33.8,0.147,0.177,0.44,0.5,NA,NA,NA,NA,0.0238,"-0.03","39.825",37.1,1,81.8,0,0,"SALPUR",10,0.47,0.162,176,142.2,3.30520393811533,48,176,NA,NA,NA,30.7692307692308,NA,-0.000680929226563848
"SALPUR_134",10,20,0,1,18.4,0.172,0.162,0.43,0.59,NA,NA,NA,NA,0.0365,"-0.05","49.675",41.7,0,92.7,0,0,"SALPUR",10,0.51,0.167,176,157.6,3.23604060913706,74.3,176,NA,NA,NA,47.6282051282051,NA,0.000405949028127051
"SALPUR_144",13,31,1,1,27.2,0.147,0.141,0.27,0.27,2019-11-15,NA,NA,NA,0.0214,"-0.01","37.775",34.4,1,81.8,0,0,"SALPUR",18,0.27,0.144,176,148.8,1.81451612903226,54.6,176,319,319,291.8,37.6551724137931,NA,-0.00176780748125475
"SALPUR_154",8,14,0,1,26.4,0.151,0.191,0.64,0.48,NA,NA,NA,NA,0.0347,"-0.03","48.325",33.7,1,76.7,0,0,"SALPUR",6,0.56,0.171,176,149.6,3.74331550802139,50.3,176,NA,NA,NA,31.0493827160494,NA,-0.000680929226563848
"SALPUR_164",13,24,1,1,31.8,0.166,0.176,0.54,0.68,NA,NA,NA,NA,0.0349,"-0.01","48.5",31.4,1,80.9,0,0,"SALPUR",11,0.61,0.171,176,144.2,4.23023578363384,49.1,176,NA,NA,NA,32.3026315789474,NA,-0.00176780748125475
"SALPUR_16",9,21,0,2,18.8,0.132,0.159,0.16,0.46,NA,NA,NA,NA,0.0304,"","45.075",68.4,0,95.4,1,0,"SALPUR",12,0.31,0.1455,177,158.2,1.95954487989886,76.6,177,NA,NA,NA,49.1025641025641,NA,NA
"SALPUR_26",14,32,1,2,31.8,0.095,0.155,0.56,0.52,2019-11-15,44.27,46.997,147.5,0.0253,"","41.025",44.4,1,123,1,0,"SALPUR",18,0.54,0.125,177,145.2,3.71900826446281,91.2,177,319,319,287.2,62.8965517241379,40.2855153203343,NA
"SALPUR_36",9,25,0,2,22.3,0.156,0.157,0.47,0.46,NA,NA,NA,NA,0.0305,"","45.2",57.1,0,93.1,1,0,"SALPUR",16,0.465,0.1565,177,154.7,3.00581771170006,70.8,177,NA,NA,NA,46.5789473684211,NA,NA
"SALPUR_46",9,25,1,2,18.4,0.149,0.155,0.5,0.43,2019-11-15,33.261,41.27,148.6,0.0204,"","36.975",66.5,0,90.6,1,0,"SALPUR",16,0.465,0.152,177,158.6,2.93190416141236,72.2,177,319,319,300.6,47.5,43.313373253493,NA
"SALPUR_56",11,28,0,2,29.4,0.145,0.158,0.81,0.63,2019-11-26,NA,NA,NA,0.0273,"","42.65",57.8,1,90.4,1,0,"SALPUR",17,0.72,0.1515,177,147.6,4.8780487804878,61,177,330,330,300.6,40.9395973154363,NA,NA
"SALPUR_66",9,25,1,2,19.6,0.131,0.159,0.36,0.42,2019-11-26,NA,NA,NA,0.0221,"","38.375",55.5,1,93.4,1,0,"SALPUR",16,0.39,0.145,177,157.4,2.47776365946633,73.8,177,330,330,310.4,48.5526315789474,NA,NA
"SALPUR_76",11,25,0,2,22.2,0.134,0.161,0.37,0.47,NA,NA,NA,NA,0.0248,"","40.625",51.7,0,75.6,1,0,"SALPUR",14,0.42,0.1475,177,154.8,2.71317829457364,53.4,177,NA,NA,NA,35.1315789473684,NA,NA
"SALPUR_86",7,30,1,2,25.8,0.126,0.149,0.59,0.37,NA,NA,NA,NA,0.0259,"","41.575",38.6,1,84.8,1,0,"SALPUR",23,0.48,0.1375,177,151.2,3.17460317460317,59,177,NA,NA,NA,40.1360544217687,NA,NA
"SALPUR_96",9,30,0,2,24.2,0.154,0.159,0.62,0.63,NA,NA,NA,NA,0.024,"","40",65.6,0,134.8,1,0,"SALPUR",21,0.625,0.1565,177,152.8,4.09031413612565,110.6,177,NA,NA,NA,75.2380952380953,NA,NA
"SALPUR_106",11,32,1,2,20.4,0.143,0.127,0.53,0.53,NA,NA,NA,NA,0.0142,"","31.4",57.9,0,110.6,1,0,"SALPUR",21,0.53,0.135,177,156.6,3.38441890166028,90.2,177,NA,NA,NA,62.2068965517241,NA,NA
"SALPUR_116",14,28,0,2,27.8,0.137,0.159,0.77,0.75,2019-11-19,NA,NA,NA,0.0217,"","38.05",54.6,0,94.8,1,0,"SALPUR",14,0.76,0.148,177,149.2,5.09383378016086,67,177,323,323,295.2,44.9664429530201,NA,NA
"SALPUR_126",11,28,1,2,29.6,0.129,0.156,0.3,0.62,2019-11-15,NA,NA,151.3,0.0176,"","34.475",48.6,0,147.6,1,0,"SALPUR",17,0.46,0.1425,177,147.4,3.12075983717775,118,177,319,319,289.4,79.1946308724832,42.0525224602626,NA
"SALPUR_136",9,21,0,2,28.6,0.149,0.161,0.51,0.39,2019-11-26,NA,NA,NA,0.0316,"","46.05",60.1,1,97.3,1,0,"SALPUR",12,0.45,0.155,177,148.4,3.03234501347709,68.7,177,330,330,301.4,44.0384615384615,NA,NA
"SALPUR_146",9,28,1,2,25.6,0.131,0.16,0.52,0.82,NA,NA,NA,NA,0.0268,"","42.25",65.8,1,92.6,1,0,"SALPUR",19,0.67,0.1455,177,151.4,4.42536327608983,67,177,NA,NA,NA,44.9664429530201,NA,NA
"SALPUR_156",11,21,0,2,25.4,0.126,0.173,0.53,0.51,2019-11-15,NA,NA,NA,0.027,"","42.4",47.5,0,100.7,1,0,"SALPUR",10,0.52,0.1495,177,151.6,3.43007915567282,75.3,177,319,319,293.6,48.2692307692308,NA,NA
"SALPUR_166",11,30,1,2,25.2,0.129,0.132,0.37,0.47,2019-11-19,NA,NA,NA,0.0257,"","41.4",23.6,1,94.8,1,0,"SALPUR",19,0.42,0.1305,177,151.8,2.76679841897233,69.6,177,323,323,297.8,47.3469387755102,NA,NA
"SALPUR_18",9,21,0,3,26,0.131,0.173,0.53,0.5,2019-11-15,35.24,33.31,150.3,0.029,"","44.025",46.3,0,88.7,0,1,"SALPUR",12,0.515,0.152,163,137,3.75912408759124,62.7,142,319,298,272,51.8181818181818,45.6985294117647,NA
"SALPUR_28",9,25,1,3,24.1,0.12,0.119,0.52,0.53,2019-11-26,NA,NA,NA,0.0172,"","34.125",30.9,0,81.3,0,1,"SALPUR",16,0.525,0.1195,163,138.9,3.77969762419007,57.2,142,330,309,284.9,48.8888888888889,NA,NA
"SALPUR_38",9,25,0,3,21.2,0.135,0.165,0.65,0.68,NA,NA,NA,NA,0.0225,"","38.725",45.1,0,101.3,0,1,"SALPUR",16,0.665,0.15,163,141.8,4.68970380818054,80.1,142,NA,NA,NA,68.4615384615385,NA,NA
"SALPUR_48",9,23,1,3,26,0.129,0.109,0.45,0.35,NA,NA,NA,NA,0.0259,"","41.575",51.9,1,105.7,0,1,"SALPUR",14,0.4,0.119,163,137,2.91970802919708,79.7,142,NA,NA,NA,66.9747899159664,NA,NA
"SALPUR_58",9,21,0,3,25.6,0.111,0.11,0.46,0.44,NA,NA,NA,NA,0.0224,"","38.675",39.6,1,115.1,0,1,"SALPUR",12,0.45,0.1105,163,137.4,3.27510917030568,89.5,142,NA,NA,NA,73.9669421487603,NA,NA
"SALPUR_68",9,23,1,3,27.4,0.077,0.142,0.61,0.35,2019-11-26,NA,NA,NA,0.0227,"","38.925",43.2,0,110.6,0,1,"SALPUR",14,0.48,0.1095,163,135.6,3.53982300884956,83.2,142,330,309,281.6,69.9159663865546,NA,NA
"SALPUR_78",11,23,0,3,27.4,0.15,0.164,0.52,0.43,NA,NA,NA,NA,0.0302,"","44.925",55.3,1,176.5,0,1,"SALPUR",12,0.475,0.157,163,135.6,3.50294985250737,149.1,142,NA,NA,NA,125.294117647059,NA,NA
"SALPUR_88",4,21,1,3,18.2,0.135,0.144,0.65,0.44,NA,NA,NA,NA,0.0224,"","38.625",59.3,1,156.1,0,1,"SALPUR",17,0.545,0.1395,163,144.8,3.76381215469613,137.9,142,NA,NA,NA,113.96694214876,NA,NA
"SALPUR_98",11,21,0,3,21,0.147,0.157,0.46,0.59,NA,NA,NA,NA,0.0242,"","40.15",59.6,0,127.8,0,1,"SALPUR",10,0.525,0.152,163,142,3.69718309859155,106.8,142,NA,NA,NA,88.2644628099173,NA,NA
"SALPUR_108",9,25,1,3,34,0.133,0.154,0.58,0.51,NA,NA,NA,NA,0.0142,"","31.4",43.5,1,73.9,0,1,"SALPUR",16,0.545,0.1435,163,129,4.22480620155039,39.9,142,NA,NA,NA,34.1025641025641,NA,NA
"SALPUR_118",9,23,0,3,25.4,0.164,0.174,0.59,0.43,2019-11-26,NA,NA,NA,0.0287,"","43.8",58.6,0,80.5,0,1,"SALPUR",14,0.51,0.169,163,137.6,3.70639534883721,55.1,142,330,309,283.6,46.3025210084034,NA,NA
"SALPUR_128",9,23,1,3,32.6,0.146,0.191,0.52,0.49,2019-11-26,NA,NA,NA,0.0283,"","43.475",81.3,1,116.9,0,1,"SALPUR",14,0.505,0.1685,163,130.4,3.87269938650307,84.3,142,330,309,276.4,70.8403361344538,NA,NA
"SALPUR_138",7,21,0,3,28.2,0.155,0.181,0.64,0.87,NA,NA,NA,NA,0.0312,"","45.7",46.4,1,129.5,0,1,"SALPUR",14,0.755,0.168,163,134.8,5.60089020771513,101.3,142,NA,NA,NA,83.7190082644628,NA,NA
"SALPUR_148",14,26,1,3,26.2,0.152,0.182,0.61,0.38,NA,NA,NA,NA,0.0342,"","48",46.4,1,128.4,0,1,"SALPUR",12,0.495,0.167,163,136.8,3.61842105263158,102.2,142,NA,NA,NA,88.1034482758621,NA,NA
"SALPUR_158",4,18,0,3,22.4,0.151,0.203,0.51,0.91,NA,NA,NA,NA,0.0353,"","48.8",48,1,141.3,0,1,"SALPUR",14,0.71,0.177,163,140.6,5.049786628734,118.9,142,NA,NA,NA,95.8870967741936,NA,NA
"SALPUR_168",NA,NA,1,NA,NA,NA,NA,NA,NA,NA,NA,NA,NA,NA,"","#DIV/0!",0,NA,NA,NA,NA,"SALPUR",NA,NA,NA,NA,NA,NA,NA,NA,NA,NA,NA,NA,NA,NA
"SORAME_14",48,59,0,1,46,0.115,0.087,0.34,0.34,2019-08-30,1.86944,5.375,45.2,0.0104,"0","27.625",4.6,NA,46.3,0,0,"SORAME",11,0.34,0.101,176,130,2.61538461538462,0.299999999999997,176,242,242,196,0.256410256410254,-0.408163265306121,-0.0023112466086002
"SORAME_24",45,59,1,1,65.4,0.095,0.085,0.46,0.55,2019-10-15,6.81372,10.95,63.5,0.0049,"-0.06","21.875",-1.5,0,66,0,0,"SORAME",14,0.505,0.09,176,110.6,4.56600361663653,0.599999999999994,176,288,288,222.6,0.512820512820508,-0.853548966756516,0.0009493881554725
"SORAME_34",59,NA,0,1,NA,NA,NA,NA,NA,NA,NA,NA,NA,NA,"","#DIV/0!",0,NA,NA,0,0,"SORAME",NA,NA,NA,176,NA,NA,NA,176,NA,NA,NA,NA,NA,NA
"SORAME_44",31,45,1,1,49.8,0.114,0.098,0.2,0.3,2019-10-17,4.3451,11.49,45.4,0.0067,"-0.02","23.85",3.7,0,48.3,0,0,"SORAME",14,0.25,0.106,176,126.2,1.98098256735341,-1.5,176,290,290,240.2,-1.14503816793893,-1.83180682764363,-0.0012243683539093
"SORAME_54",29,48,0,1,48.8,0.08,0.087,0.47,0.44,2019-10-17,4.0583,15.9,46.7,0.0062,"-0.02","23.3",6.7,0,53.3,0,0,"SORAME",19,0.455,0.0835,176,127.2,3.57704402515723,4.5,176,290,290,241.2,3.515625,-0.870646766169152,-0.0012243683539093
"SORAME_64",53,69,1,1,48.6,0.101,0.125,0.53,0.35,2019-09-06,4.17182,4.64,53.3,0.0082,"0.01","25.425",4.1,NA,53.8,0,0,"SORAME",16,0.44,0.113,176,127.4,3.45368916797488,5.2,176,249,249,200.4,4.85981308411215,2.34530938123752,-0.00285468573594565
"SORAME_74",31,48,0,1,54.6,0.126,0.081,0.41,0.36,2019-07-30,6.01261,9.82,NA,0.0087,"-0.09","25.975",4.3,NA,60.6,0,0,"SORAME",17,0.385,0.1035,176,121.4,3.17133443163097,6,176,211,211,156.4,4.6875,NA,0.00257970553750885
"SORAME_84",31,48,1,1,38.6,0.08,0.095,0.29,0.32,2019-11-04,5.549,11.073,41.4,0,"-0.01","16.95",2.3,0,41.4,0,0,"SORAME",17,0.305,0.0875,176,137.4,2.2197962154294,2.8,176,308,308,269.4,2.1875,1.03934669636229,-0.00176780748125475
"SORAME_94",29,45,0,1,44.8,0.178,0.071,0.6,0.57,2019-11-04,4.205,13.487,46.4,0.0073,"-0.01","24.45",5.7,0,54.3,0,0,"SORAME",16,0.585,0.1245,176,131.2,4.45884146341463,9.5,176,308,308,263.2,7.25190839694656,0.607902735562311,-0.00176780748125475
"SORAME_104",45,59,1,1,39.4,0.126,0.103,0.51,0.37,2019-11-01,4.012,13.542,40.8,0.0064,"-0.14","23.475",2.8,0,43.7,0,0,"SORAME",14,0.44,0.1145,176,136.6,3.22108345534407,4.3,176,305,305,265.6,3.67521367521368,0.527108433734939,0.00529690117423609
"SORAME_114",41,50,0,1,40.4,0.102,0.122,0.61,0.5,2019-10-01,2.21277,7.95,39.6,0.0059,"-0.02","22.95",3.4,NA,44.6,0,0,"SORAME",9,0.555,0.112,176,135.6,4.0929203539823,4.2,176,274,274,233.6,3.33333333333334,-0.342465753424656,-0.0012243683539093
"SORAME_124",41,69,1,1,56.6,0.086,0.122,NA,NA,2019-08-21,4.097,3.21,61,0.0084,"","25.65",4.8,NA,NA,0,0,"SORAME",28,NA,0.104,176,119.4,NA,NA,176,233,233,176.4,NA,2.49433106575964,NA
"SORAME_134",29,48,0,1,55.4,0.084,0.111,0.54,0.41,2019-11-07,4.17,14.496,56.7,0.0111,"-0.13","28.375",6.5,0,61.3,0,0,"SORAME",19,0.475,0.0975,176,120.6,3.93864013266998,5.9,176,311,311,255.6,4.609375,0.508607198748045,0.00475346204689064
"SORAME_144",24,50,1,1,43.4,0.111,0.106,0.31,0.24,2019-08-21,3.12934,8.245,NA,0.0142,"-0.06","31.325",2.1,NA,45.7,0,0,"SORAME",26,0.275,0.1085,176,132.6,2.07390648567119,2.3,176,233,233,189.6,1.82539682539683,NA,0.0009493881554725
"SORAME_154",36,48,0,1,59.2,0.103,0.097,0.49,0.55,2019-08-30,9.77276,17.46,63.2,0.0038,"-0.15","20.65",13.4,NA,69.1,0,0,"SORAME",12,0.52,0.1,176,116.8,4.45205479452055,9.89999999999999,176,242,242,182.8,7.73437499999999,2.18818380743982,0.00584034030158154
"SORAME_164",31,48,1,1,58.4,0.095,0.104,0.41,0.32,2019-07-25,6.13832,15.71,NA,0.0054,"-0.16","22.375",8.8,NA,58.5,0,0,"SORAME",17,0.365,0.0995,176,117.6,3.10374149659864,0.100000000000001,176,206,206,147.6,0.0781250000000011,NA,0.00638377942892699
"SORAME_16",35,49,0,2,57.6,0.114,0.184,0.43,0.38,2019-08-30,7.37848,11.58801,NA,0.0063,"","23.375",8.9,NA,64.3,1,0,"SORAME",14,0.405,0.149,177,119.4,3.39195979899497,6.7,177,242,242,184.4,5.234375,NA,NA
"SORAME_26",40,53,1,2,50.9,0.105,0.125,0.2,0.22,2019-10-15,6.6,8.13,60.1,0,"","17.75",5.7,0,55.5,1,0,"SORAME",13,0.21,0.115,177,126.1,1.66534496431404,4.6,177,288,288,237.1,3.70967741935484,3.88021931674399,NA
"SORAME_36",32,43,0,2,50.4,0.118,0.111,0.87,0.43,2019-10-17,4.78,14.966,48.9,0.0046,"","21.55",4.8,0,54.8,1,0,"SORAME",11,0.65,0.1145,177,126.6,5.13428120063191,4.4,177,290,290,239.6,3.28358208955224,-0.626043405676127,NA
"SORAME_46",32,46,1,2,45.4,0.109,0.115,0.23,0.27,2019-10-22,3.272,9.885,39.2,0.0046,"","25.35",6.2,0,44.6,1,0,"SORAME",14,0.25,0.112,177,131.6,1.89969604863222,-0.799999999999997,177,295,295,249.6,-0.610687022900761,-2.48397435897436,NA
"SORAME_56",43,53,0,2,50.6,0.111,0.119,0.17,0.27,2019-10-22,5.681,12.821,50.8,0,"","19.85",11.5,0,61.3,1,0,"SORAME",10,0.22,0.115,177,126.4,1.74050632911392,10.7,177,295,295,244.4,8.62903225806451,0.0818330605564631,NA
"SORAME_66",46,56,1,2,58.3,0.108,0.098,0.33,0.32,2019-07-25,2.77,2.65,50.4,0.0059,"","22.975",-4.7,NA,50.1,1,0,"SORAME",10,0.325,0.103,177,118.7,2.7379949452401,-8.2,177,206,206,147.7,-6.77685950413223,-5.34867975626269,NA
"SORAME_76",37,49,0,2,58.3,0.119,0.126,0.42,0.34,2019-10-29,7.688,15.265,56.4,0.0044,"","21.35",7.1,0,66.3,1,0,"SORAME",12,0.38,0.1225,177,118.7,3.20134793597304,8,177,302,302,243.7,6.25,-0.779647107098892,NA
"SORAME_86",37,51,1,2,50.4,0.133,0.12,0.18,0.25,2019-10-17,7.057,18.77,47.5,0.0058,"","22.825",1.9,0,50.8,1,0,"SORAME",14,0.215,0.1265,177,126.6,1.69826224328594,0.399999999999999,177,290,290,239.6,0.317460317460316,-1.21035058430718,NA
"SORAME_96",35,43,0,2,43.7,0.117,0.131,0.14,0.17,2019-11-11,6.41,17.39,45.1,0.0071,"","24.225",2.7,0,47.8,1,0,"SORAME",8,0.155,0.124,177,133.3,1.16279069767442,4.09999999999999,177,315,315,271.3,3.05970149253731,0.516033910799852,NA
"SORAME_106",28,43,1,2,44.8,0.117,0.121,0.1,0.22,2019-10-15,8.99,13.18,46.6,0.0072,"","24.375",4.6,0,52.2,1,0,"SORAME",15,0.16,0.119,177,132.2,1.21028744326778,7.40000000000001,177,288,288,243.2,5.5223880597015,0.74013157894737,NA
"SORAME_116",37,49,0,2,57.2,0.127,0.17,0.27,0.4,2019-11-04,6.482,15.596,52.1,0.0037,"","20.55",7.6,0,57.6,1,0,"SORAME",12,0.335,0.1485,177,119.8,2.79632721202003,0.399999999999999,177,308,308,250.8,0.312499999999999,-2.03349282296651,NA
"SORAME_126",43,53,1,2,44.1,0.122,0.145,0.44,0.29,2019-10-29,5.764,20.7,45.5,0.0158,"","32.825",5.8,0,49.3,1,0,"SORAME",10,0.365,0.1335,177,132.9,2.7464258841234,5.2,177,302,302,257.9,4.19354838709677,0.542846064366033,NA
"SORAME_136",40,49,0,2,51.1,0.132,0.145,0.26,0.42,2019-10-29,8.536,25.579,53.3,0.0051,"","22.1",7.6,0,59.9,1,0,"SORAME",9,0.34,0.1385,177,125.9,2.70055599682287,8.8,177,302,302,250.9,6.875,0.876843363889994,NA
"SORAME_146",35,49,1,2,58.5,0.128,0.148,0.28,0.4,2019-07-30,3.84715,5.426,NA,0.0067,"","23.875",4.9,NA,59.5,1,0,"SORAME",14,0.34,0.138,177,118.5,2.86919831223629,1,177,211,211,152.5,0.78125,NA,NA
"SORAME_156",23,40,0,2,52.6,0.116,0.168,0.25,0.42,2019-11-04,6.069,13.103,51.8,0.0111,"","28.4",7,0,58.3,1,0,"SORAME",17,0.335,0.142,177,124.4,2.69292604501608,5.7,177,308,308,255.4,4.16058394160584,-0.313234142521536,NA
"SORAME_166",35,51,1,2,44.1,0.097,0.168,0.34,0.26,2019-10-22,8.095,16.145,48.1,0.0103,"","27.6",13.8,0,53.3,1,0,"SORAME",16,0.3,0.1325,177,132.9,2.25733634311512,9.2,177,295,295,250.9,7.3015873015873,1.59426066161817,NA
"SORAME_18",32,44,0,3,47.7,0.148,0.165,0.34,0.35,2019-10-22,8.095,16.145,48.1,0.0063,"","23.45",4.7,0,53.9,0,1,"SORAME",12,0.345,0.1565,163,115.3,2.99219427580225,6.2,142,295,274,226.3,6.32653061224489,0.176756517896597,NA
"SORAME_28",42,53,1,3,45.2,0.174,0.136,0.41,0.3,2019-09-06,4.23132,7.55978,NA,0.0069,"","24.025",6.1,NA,47.8,0,1,"SORAME",11,0.355,0.155,163,117.8,3.01358234295416,2.59999999999999,142,249,228,182.8,2.92134831460673,NA,NA
"SORAME_38",35,49,0,3,57.7,0.174,0.148,0.37,0.33,2019-11-15,NA,NA,NA,0.007,"","24.125",7.2,0,61.6,0,1,"SORAME",14,0.35,0.161,163,105.3,3.32383665716999,3.9,142,319,298,240.3,4.19354838709677,NA,NA
"SORAME_48",29,42,1,3,46.8,0.121,0.137,0.39,0.31,2019-10-15,6.53,11.75,47.3,0.0042,"","21.075",3.8,0,61.4,0,1,"SORAME",13,0.35,0.129,163,116.2,3.01204819277108,14.6,142,288,267,220.2,14.6,0.227066303360581,NA
"SORAME_58",35,46,0,3,39.9,0.086,0.13,0.38,0.34,2019-11-26,NA,NA,NA,0.0054,"","22.375",2.8,0,55.3,0,1,"SORAME",11,0.36,0.108,163,123.1,2.92445166531275,15.4,142,330,309,269.1,16.0416666666667,NA,NA
"SORAME_68",26,49,1,3,54.1,0.115,0.118,0.36,0.32,2019-10-17,7.24,19.16,53.9,0,"","17.9",7.1,0,62.9,0,1,"SORAME",23,0.34,0.1165,163,108.9,3.12213039485767,8.8,142,290,269,214.9,9.46236559139785,-0.0930665425779445,NA
"SORAME_78",26,39,0,3,45.2,0.132,0.117,0.2,0.32,2019-10-17,6.592,15.67,48.1,0.0034,"","20.2",3.5,0,55,0,1,"SORAME",13,0.26,0.1245,163,117.8,2.20713073005093,9.8,142,290,269,223.8,9.51456310679611,1.29579982126899,NA
"SORAME_88",35,49,1,3,49,0.1,0.109,0.39,0.29,2019-08-30,8.54,8.92,62.4,0.0071,"","24.225",12.5,NA,64,0,1,"SORAME",14,0.34,0.1045,163,114,2.98245614035088,15,142,242,221,172,16.1290322580645,7.7906976744186,NA
"SORAME_98",29,44,0,3,58.5,0.162,0.174,0.29,0.31,2019-11-15,NA,NA,NA,0.0057,"","22.775",-3.1,0,65.3,0,1,"SORAME",15,0.3,0.168,163,104.5,2.87081339712919,6.8,142,319,298,239.5,6.93877551020408,NA,NA
"SORAME_108",42,53,1,3,61.5,0.119,0.104,0.25,0.18,2019-07-30,6.522,10.477,67.9,0.0042,"","21.075",3.4,NA,69.7,0,1,"SORAME",11,0.215,0.1115,163,101.5,2.11822660098522,8.2,142,211,190,128.5,9.21348314606742,4.98054474708172,NA
"SORAME_118",32,42,0,3,40.5,0.079,0.094,0.25,0.32,2019-11-19,NA,NA,NA,0,"","19.85",6.3,0,61.3,0,1,"SORAME",10,0.285,0.0865,163,122.5,2.3265306122449,20.8,142,323,302,261.5,20.8,NA,NA
"SORAME_128",32,46,1,3,47.6,0.109,0.139,0.32,0.22,2019-10-15,6.79,13.07,46.3,0.0038,"","20.675",5.1,0,49.2,0,1,"SORAME",14,0.27,0.124,163,115.4,2.33968804159445,1.6,142,288,267,219.4,1.66666666666667,-0.592525068368279,NA
"SORAME_138",35,46,0,3,45,0.09,0.121,0.36,0.36,2019-08-30,3.306,3.47,54.3,0.0052,"","22.2",14.4,NA,52.6,0,1,"SORAME",11,0.36,0.1055,163,118,3.05084745762712,7.6,142,242,221,176,7.91666666666667,5.28409090909091,NA
"SORAME_148",35,44,1,3,48.4,0.14,0.1,0.25,0.2,2019-09-26,10.19,12.65,NA,0,"","18.35",4,1,54.2,0,1,"SORAME",9,0.225,0.12,163,114.6,1.96335078534031,5.8,142,269,248,199.6,5.91836734693878,NA,NA
"SORAME_158",29,42,0,3,42.9,0.084,0.089,0.28,0.34,2019-10-22,5.994,15.542,40,0.0078,"","24.975",5.1,0,44.7,0,1,"SORAME",13,0.31,0.0865,163,120.1,2.5811823480433,1.8,142,295,274,231.1,1.8,-1.25486802250108,NA
"SORAME_168",29,44,1,3,48.9,0.105,0.109,0.39,0.21,2019-08-21,8.229,10.21,NA,0.0053,"","22.325",10.3,NA,56.7,0,1,"SORAME",15,0.3,0.107,163,114.1,2.62927256792287,7.8,142,233,212,163.1,7.95918367346939,NA,NA
"VIBDEN_14",36,59,0,1,21.1,0.112,0.152,0.61,0.42,2019-11-26,NA,NA,NA,0.0149,"-0.03","32.05",2.1,0,48,0,0,"VIBDEN",23,0.515,0.132,176,154.9,3.32472562943835,26.9,176,330,330,308.9,22.991452991453,NA,-0.000680929226563848
"VIBDEN_24",31,50,1,1,25,0.121,0.108,0.47,0.87,NA,NA,NA,NA,0.0149,"-0.03","32.025",0.3,1,31.5,0,0,"VIBDEN",19,0.67,0.1145,176,151,4.43708609271523,6.5,176,NA,NA,NA,5.15873015873016,NA,-0.000680929226563848
"VIBDEN_34",48,59,0,1,33.6,0.12,0.125,0.47,0.67,NA,NA,NA,NA,0.0192,"-0.06","35.875",-0.2,1,45.1,0,0,"VIBDEN",11,0.57,0.1225,176,142.4,4.00280898876405,11.5,176,NA,NA,NA,9.82905982905983,NA,0.0009493881554725
"VIBDEN_44",36,59,1,1,29.5,0.104,0.122,0.51,0.58,NA,NA,NA,NA,0.0177,"-0.11","34.6",1.3,1,33.3,0,0,"VIBDEN",23,0.545,0.113,176,146.5,3.72013651877133,3.8,176,NA,NA,NA,3.24786324786325,NA,0.00366658379219975
"VIBDEN_54",29,45,0,1,19.5,0.145,0.134,0.9,0.96,2019-11-15,NA,NA,NA,0.004,"-0.03","20.825",0.4,0,22.2,0,0,"VIBDEN",16,0.93,0.1395,176,156.5,5.94249201277955,2.7,176,319,319,299.5,2.06106870229008,NA,-0.000680929226563848
"VIBDEN_64",43,69,1,1,30.6,0.099,0.136,0.36,0.4,NA,NA,NA,NA,0.0053,"-0.03","22.975",0,1,29.1,0,0,"VIBDEN",26,0.38,0.1175,176,145.4,2.61348005502063,-1.5,176,NA,NA,NA,-1.4018691588785,NA,-0.000680929226563848
"VIBDEN_74",43,59,0,1,32.2,0.176,0.147,0.64,0.98,NA,NA,NA,NA,0.0044,"-0.03","21.275",0,0,25.6,0,0,"VIBDEN",16,0.81,0.1615,176,143.8,5.63282336578581,-6.6,176,NA,NA,NA,-5.64102564102564,NA,-0.000680929226563848
"VIBDEN_84",NA,NA,1,1,NA,NA,NA,NA,NA,NA,NA,NA,NA,NA,"X","#DIV/0!",0,NA,NA,0,0,"VIBDEN",NA,NA,NA,176,NA,NA,NA,176,NA,NA,NA,NA,NA,NA
"VIBDEN_94",34,53,0,1,33.6,0.143,0.136,0.86,0.69,NA,NA,NA,NA,0.0073,"-0.05","24.425",0.6,0,32.4,0,0,"VIBDEN",19,0.775,0.1395,176,142.4,5.44241573033708,-1.2,176,NA,NA,NA,-0.975609756097563,NA,0.000405949028127051
"VIBDEN_104",34,53,1,1,26.8,0.143,0.149,0.79,0.7,2019-11-15,NA,NA,75.5,0.0063,"-0.02","23.425",0.6,1,26,0,0,"VIBDEN",19,0.745,0.146,176,149.2,4.99329758713137,-0.800000000000001,176,319,319,292.2,-0.650406504065041,16.6666666666667,-0.0012243683539093
"VIBDEN_114",38,69,0,1,22.2,0.133,0.124,0.43,0.62,NA,NA,NA,NA,0.0034,"-0.02","20.125",-5.4,1,17.1,0,0,"VIBDEN",31,0.525,0.1285,176,153.8,3.41352405721717,-5.1,176,NA,NA,NA,-4.76635514018691,NA,-0.0012243683539093
"VIBDEN_124",29,69,1,1,18,0.104,0.118,0.43,0.61,2019-11-15,NA,NA,93.4,0.0062,"-0.08","23.275",3.3,1,20.2,0,0,"VIBDEN",40,0.52,0.111,176,158,3.29113924050633,2.2,176,319,319,301,2.05607476635514,25.0498338870432,0.0020362664101634
"VIBDEN_134",53,69,0,1,27.6,0.135,0.144,0.68,0.7,2019-10-17,12.74,14.5414,89.9,0.0071,"-0.07","24.225",0.6,0,29.9,0,0,"VIBDEN",16,0.69,0.1395,176,148.4,4.64959568733154,2.3,176,290,290,262.4,2.14953271028037,23.7423780487805,0.00149282728281795
"VIBDEN_144",31,59,1,1,24.7,0.135,0.141,0.84,0.64,NA,NA,NA,NA,0.0087,"-0.05","25.975",-3.1,1,26.1,0,0,"VIBDEN",28,0.74,0.138,176,151.3,4.89094514210178,1.4,176,NA,NA,NA,1.1965811965812,NA,0.000405949028127051
"VIBDEN_154",41,64,0,1,33,0.12,0.131,0.78,0.46,2019-11-01,14.967,26.203,79.7,0.0113,"-0.16","28.575",0.7,1,41.3,0,0,"VIBDEN",23,0.62,0.1255,176,143,4.33566433566433,8.3,176,305,305,272,7.41071428571428,17.1691176470588,0.00638377942892699
"VIBDEN_164",56,76,1,1,24.2,0.126,0.146,0.43,0.48,2019-11-04,7.654,6.891,77.7,0.0089,"-0.02","26.15",-0.2,1,21,0,0,"VIBDEN",20,0.455,0.136,176,151.8,2.99736495388669,-3.2,176,308,308,283.8,-3.2,18.8513037350247,-0.0012243683539093
"VIBDEN_16",21,35,0,2,25.6,0.121,0.121,0.55,0.48,2019-11-15,NA,NA,NA,0.0131,"","30.275",6.2,1,36.9,1,0,"VIBDEN",14,0.515,0.121,177,151.4,3.40158520475561,11.3,177,319,319,293.4,7.95774647887324,NA,NA
"VIBDEN_26",30,46,1,2,27.9,0.13,0.189,0.55,0.53,2019-11-26,NA,NA,NA,0.012,"","29.25",0.7,1,31.2,1,0,"VIBDEN",16,0.54,0.1595,177,149.1,3.62173038229376,3.3,177,330,330,302.1,2.51908396946565,NA,NA
"VIBDEN_36",35,46,0,2,28.4,0.118,0.133,0.57,0.67,2019-11-15,NA,NA,NA,0.009,"","26.275",0.8,1,32.3,1,0,"VIBDEN",11,0.62,0.1255,177,148.6,4.17227456258412,3.9,177,319,319,290.6,2.97709923664122,NA,NA
"VIBDEN_46",30,46,1,2,34.8,0.118,0.122,0.55,0.52,NA,NA,NA,NA,0.0083,"","25.475",-0.5,1,31.3,1,0,"VIBDEN",16,0.535,0.12,177,142.2,3.76230661040788,-3.5,177,NA,NA,NA,-2.67175572519084,NA,NA
"VIBDEN_56",23,40,0,2,35.1,0.136,0.137,0.71,0.74,2019-11-19,NA,NA,NA,0.0126,"","29.8",0.2,1,34.1,1,0,"VIBDEN",17,0.725,0.1365,177,141.9,5.1092318534179,-1,177,323,323,287.9,-0.72992700729927,NA,NA
"VIBDEN_66",30,49,1,2,26.4,0.139,0.133,0.47,0.65,2019-11-15,NA,NA,NA,0.0084,"","25.675",0,1,28.1,1,0,"VIBDEN",19,0.56,0.136,177,150.6,3.71845949535193,1.7,177,319,319,292.6,1.328125,NA,NA
"VIBDEN_76",25,43,0,2,22.7,0.112,0.117,0.72,0.71,NA,NA,NA,NA,0.0043,"","21.175",-0.6,1,21.2,1,0,"VIBDEN",18,0.715,0.1145,177,154.3,4.63383020090732,-1.5,177,NA,NA,NA,-1.11940298507463,NA,NA
"VIBDEN_86",40,56,1,2,27,0.108,0.117,0.33,0.57,NA,NA,NA,NA,0.0096,"","26.825",0.3,1,25.5,1,0,"VIBDEN",16,0.45,0.1125,177,150,3,-1.5,177,NA,NA,NA,-1.2396694214876,NA,NA
"VIBDEN_96",28,43,0,2,20.4,0.155,0.13,0.53,0.49,NA,NA,NA,NA,0.0104,"","27.625",5.9,1,25.4,1,0,"VIBDEN",15,0.51,0.1425,177,156.6,3.25670498084291,5,177,NA,NA,NA,3.73134328358209,NA,NA
"VIBDEN_106",21,43,1,2,25.9,0.159,0.124,0.51,0.6,NA,NA,NA,NA,0.0113,"","28.6",-4.9,1,21.5,1,0,"VIBDEN",22,0.555,0.1415,177,151.1,3.67306419589676,-4.4,177,NA,NA,NA,-3.28358208955224,NA,NA
"VIBDEN_116",35,56,0,2,34.3,0.194,0.18,0.77,0.28,2019-11-26,NA,NA,NA,0.0074,"","24.675",0.8,1,35.3,1,0,"VIBDEN",21,0.525,0.187,177,142.7,3.67904695164681,1,177,330,330,295.7,0.826446280991736,NA,NA
"VIBDEN_126",32,46,1,2,32.7,0.138,0.126,0.58,0.48,2019-11-15,NA,NA,NA,0.0095,"","26.775",1.1,1,29.8,1,0,"VIBDEN",14,0.53,0.132,177,144.3,3.67290367290367,-2.9,177,319,319,286.3,-2.21374045801527,NA,NA
"VIBDEN_136",40,51,0,2,22.5,0.162,0.117,0.72,0.63,2019-11-15,NA,NA,NA,0.0088,"","26.025",0.9,1,27.7,1,0,"VIBDEN",11,0.675,0.1395,177,154.5,4.36893203883495,5.2,177,319,319,296.5,4.12698412698413,NA,NA
"VIBDEN_146",32,46,1,2,31.6,0.127,0.151,0.59,0.67,2019-11-19,NA,NA,NA,0.0055,"","22.475",-1,1,33.7,1,0,"VIBDEN",14,0.63,0.139,177,145.4,4.33287482806052,2.1,177,323,323,291.4,1.6030534351145,NA,NA
"VIBDEN_156",25,43,0,2,25,0.149,0.126,0.73,0.9,2019-11-19,NA,NA,NA,0.0102,"","27.425",-0.2,1,25.4,1,0,"VIBDEN",18,0.815,0.1375,177,152,5.36184210526316,0.399999999999999,177,323,323,298,0.298507462686566,NA,NA
"VIBDEN_166",35,56,1,2,30.7,0.149,0.163,0.87,0.78,2019-11-15,NA,NA,NA,0.0057,"","22.725",0.3,1,43.7,1,0,"VIBDEN",21,0.825,0.156,177,146.3,5.6390977443609,13,177,319,319,288.3,10.7438016528926,NA,NA
"VIBDEN_18",16,29,0,3,20.3,0.137,0.136,0.56,0.7,2019-11-19,NA,NA,NA,0.0086,"","25.825",1.1,1,56.6,0,1,"VIBDEN",13,0.63,0.1365,163,142.7,4.41485634197617,36.3,142,323,302,281.7,32.1238938053097,NA,NA
"VIBDEN_28",16,32,1,3,23.6,0.122,0.136,0.55,0.67,NA,NA,NA,NA,0.0171,"","34",3.2,1,44.4,0,1,"VIBDEN",16,0.61,0.129,163,139.4,4.37589670014347,20.8,142,NA,NA,NA,18.9090909090909,NA,NA
"VIBDEN_38",21,37,0,3,32.4,0.153,0.141,0.76,0.59,NA,NA,NA,NA,0.0104,"","27.675",1.3,1,35.9,0,1,"VIBDEN",16,0.675,0.147,163,130.6,5.16845329249617,3.5,142,NA,NA,NA,3.33333333333333,NA,NA
"VIBDEN_48",25,46,1,3,29.4,0.157,0.149,0.57,0.59,2019-10-29,15.783,12.401,101.2,0.0076,"","24.775",-0.3,1,31.5,0,1,"VIBDEN",21,0.58,0.153,163,133.6,4.34131736526946,2.1,142,302,281,251.6,2.1875,28.5373608903021,NA
"VIBDEN_58",21,32,0,3,26.4,0.124,0.137,0.39,0.37,2019-11-15,NA,NA,NA,0.0086,"","25.875",4.2,1,36.1,0,1,"VIBDEN",11,0.38,0.1305,163,136.6,2.78184480234261,9.7,142,319,298,271.6,8.81818181818182,NA,NA
"VIBDEN_68",18,44,1,3,32.4,0.132,0.13,0.54,0.44,NA,NA,NA,NA,0.0044,"","21.275",-0.1,1,31.6,0,1,"VIBDEN",26,0.49,0.131,163,130.6,3.75191424196018,-0.799999999999997,142,NA,NA,NA,-0.816326530612242,NA,NA
"VIBDEN_78",21,35,0,3,35.4,0.142,0.203,0.68,0.82,NA,NA,NA,NA,0.0069,"","24",0.1,1,40,0,1,"VIBDEN",14,0.75,0.1725,163,127.6,5.87774294670846,4.6,142,NA,NA,NA,4.29906542056075,NA,NA
"VIBDEN_88",23,39,1,3,35.4,0.12,0.133,0.62,0.67,NA,NA,NA,NA,0,"","15.875",-11.3,1,26.5,0,1,"VIBDEN",16,0.645,0.1265,163,127.6,5.05485893416928,-8.9,142,NA,NA,NA,-8.64077669902913,NA,NA
"VIBDEN_98",29,42,0,3,23,0.181,0.16,0.79,0.78,NA,NA,NA,NA,0.0053,"","22.35",4.3,1,27.6,0,1,"VIBDEN",13,0.785,0.1705,163,140,5.60714285714286,4.6,142,NA,NA,NA,4.6,NA,NA
"VIBDEN_108",26,42,1,3,28.3,0.15,0.132,0.57,0.51,2019-11-15,NA,NA,NA,0.0045,"","21.45",-6.9,1,24.3,0,1,"VIBDEN",16,0.54,0.141,163,134.7,4.00890868596882,-4,142,319,298,269.7,-4,NA,NA
"VIBDEN_118",16,32,0,3,23.4,0.123,0.144,0.58,0.66,NA,NA,NA,NA,0,"","18.975",0.5,1,36,0,1,"VIBDEN",16,0.62,0.1335,163,139.6,4.44126074498567,12.6,142,NA,NA,NA,11.4545454545455,NA,NA
"VIBDEN_128",26,37,1,3,25.4,0.115,0.15,0.68,0.54,2019-11-19,NA,NA,NA,0.0066,"","23.775",0.5,1,24.1,0,1,"VIBDEN",11,0.61,0.1325,163,137.6,4.43313953488372,-1.3,142,323,302,276.6,-1.23809523809524,NA,NA
"VIBDEN_138",16,32,0,3,27.9,0.179,0.12,0.88,0.74,NA,NA,NA,NA,0.0064,"","23.475",1.7,1,35.8,0,1,"VIBDEN",16,0.81,0.1495,163,135.1,5.99555884529978,7.9,142,NA,NA,NA,7.18181818181818,NA,NA
"VIBDEN_148",16,32,1,3,30,0.117,0.122,1.02,0.53,2019-11-26,NA,NA,NA,0.008,"","25.25",0,1,31.1,0,1,"VIBDEN",16,0.775,0.1195,163,133,5.82706766917293,1.1,142,330,309,279,1,NA,NA
"VIBDEN_158",29,44,0,3,34.8,0.138,0.149,0.66,0.67,2019-11-15,NA,NA,NA,0.0097,"","27",-0.1,1,44.1,0,1,"VIBDEN",15,0.665,0.1435,163,128.2,5.18720748829953,9.3,142,319,298,263.2,9.48979591836735,NA,NA
"VIBDEN_168",23,42,1,3,29.1,0.128,0.144,0.68,0.59,NA,NA,NA,NA,0.0079,"","25.125",1.4,1,35.1,0,1,"VIBDEN",19,0.635,0.136,163,133.9,4.74234503360717,6,142,NA,NA,NA,6,NA,NA
